,VR1_A,AATS8v,AATS1i,AATS5i,ATSC2dv,ATSC5dv,ATSC6dv,ATSC7dv,ATSC8dv,ATSC2d,ATSC3d,ATSC7d,ATSC7s,ATSC8pe,ATSC2i,ATSC4i,ATSC5i,ATSC7i,ATSC8i,AATSC7m,AATSC7v,PEOE_VSA1,PEOE_VSA2,PEOE_VSA7,PEOE_VSA9,PEOE_VSA10,SMR_VSA5,SlogP_VSA3,EState_VSA3,EState_VSA7,EState_VSA8,EState_VSA9,VSA_EState3,VSA_EState8,VSA_EState9,AATS7i.1,AATS8i.1,ATSC5s.1,AATSC2m.1,AATSC8m.1,AATSC6v.1,VR1_DzZ.1,VE3_Dzv.1,VR2_Dzv.1,VE3_Dzp.1,VR2_Dzi.1,VR1_Dzs,nHBint2,nHBint8,nHBint9,SHBint4,minHBint8,minHBint10,maxHBint10,LipoaffinityIndex,VR1_D.1,WTPT-3,TDB10e,TDB2i,TDB5i,TDB6i,TDB7i,TDB9i,TDB10i,RDF35m,RDF40m,RDF60m,RDF70m,RDF75m,RDF45s,RNCS.1,MDEC-13.2,pIC50
0,388.463264259984,168.09614758568208,145.72028022881418,158.01981541239505,67.71644612476372,-6.822306238185277,-33.70510396975427,-82.79017013232513,-87.44234404536861,8.759451795841214,1.9796786389413927,-17.630907372400753,-5.041601029195547,-0.5784125236294879,2.703827709534949,8.294830700622404,5.12073715383937,-19.241305559523425,-20.75801244104897,-4.917766873903481,-9.411451878156267,10.053651557806381,14.687756176444681,30.33183534230805,29.61801479420355,11.443439828132364,13.847474399381248,4.794537184071822,28.20214524777448,50.24567681015091,15.514152220608404,4.736862953800049,10.21060020188312,3.625731222323103,1.607192432812056,155.27535972452293,159.95368063961504,-11.259543688300777,5.0923760350229,-7.537331235163867,-2.6865724843196164,438.59038635516885,-4.017644641178866,18.064622183874725,-4.170716698451269,15.024505587973639,582.3028392325041,1.0,1.0,0.0,12.235078575852569,6.180177708592202,2.1637932132971947,2.1637932132971947,7.092409627366758,466.56551281401426,17.276230940329175,73.76260795230324,335.24938499262987,769.8952759872891,905.4594758437883,1028.4523062793778,1423.109693765557,1527.4933772157349,13.07766426633422,2.5004710634554304,11.916734986108265,4.37884894828228,8.291556916609602,30.163956937241178,3.287457784451484,5.726272553600228,4.456
1,385.35259833226837,163.0668862613403,145.64102274476346,158.14004355195615,69.90337359433569,3.735943356934599,-36.30279050395669,-86.83173677634319,-122.27571845064556,2.095376926280708,3.736776343190332,-21.0045814244065,1.539954417141007,-1.1886137442732168,11.825858592595086,35.400008858178076,10.453212076187928,-23.223636113913198,-30.632764613995,-3.7736052660896258,-8.995000574610726,10.053651557806381,14.687756176444681,30.33183534230805,29.61801479420355,11.443439828132364,20.771211599071872,4.794537184071822,28.20214524777448,57.169414009841525,15.514152220608404,4.736862953800049,10.27078603007242,5.501096833484653,1.6076176028800837,154.55190369812058,159.9248095422354,-8.585603799342852,7.394354100580758,-8.860629527032005,-3.59398964092184,547.9263558191719,-4.007051872319426,30.87491667822106,-4.138460158302617,166.84846179427262,434.59210884940484,1.0,1.0,0.0,11.827569790546189,6.281989376346925,2.0047490008789457,2.0047490008789457,7.839303342791999,422.5817688633565,17.27970535381537,73.70714161607152,335.0801993952882,766.491226459484,927.8818804276603,1060.5550765451983,1461.6494181707092,1525.9037073506167,12.098395212805952,4.934236681796998,12.641874939685453,5.399668136309277,8.991372147056747,28.50978212267557,3.216474669022732,6.4232108646076185,4.347
2,680.9735372274035,199.30543382028614,146.87530674744906,158.08938813582603,12.880882965431047,9.807580174927116,-0.9125364431486958,-64.55060391503541,-41.0478967097043,8.231986672219913,-3.2661391087047034,-6.228654727197004,-15.258734786431587,0.10828908788005047,-2.08745081054446,-22.573620213473568,-11.500962155810914,-5.5473134679103895,-10.921772318634588,-3.4632935549207438,-2.7727755719377587,14.953561288656855,14.687756176444681,18.199101205384828,35.721981181951854,5.693927994848461,6.923737199690624,9.531400137871868,28.20214524777448,24.26546827384644,32.5467960883821,4.736862953800049,10.19297101957702,4.6477048388979085,0.0,159.9781710839786,158.70607168207346,-8.632896015549084,1.4189811448626517,-3.425297216998542,1.0614487781696609,449.9454622746479,-3.630557133505655,13.181856336086392,-3.2506281767129908,18.137522864383225,888.7989730111262,1.0,1.0,1.0,12.735567710502384,5.69875231294567,1.0695209601960165,1.0695209601960165,7.3997390961399905,335.2169046198971,20.827331757356298,74.62419171023531,341.987316468845,765.0755176397665,926.2212165436548,1104.2840160781084,1422.7178637159232,1551.9996294473654,10.917638391123914,2.75362317850893,10.540571015183682,2.8039142256916354,10.18209409338791,33.225672872182564,4.248298087294106,2.078258441661656,6.065
3,210.04144637759617,164.7107701920321,151.22502876593074,160.55511015975642,24.19753086419752,-59.45679012345681,-54.5679012345679,-82.92592592592591,-51.12345679012346,7.1141975308642005,-0.32098765432098697,-10.953703703703699,-10.407407407407408,-0.1668827160493811,20.74489835890001,-16.08383022918905,-11.472938724507403,-6.086925074866732,-3.8162412559226966,-7.590606504320988,-9.174493230821,15.617555728959873,9.89321899237286,12.13273413692322,22.508217252926016,5.693927994848461,0.0,7.047671982677191,33.76559673947147,30.07482584215631,15.514152220608404,5.733667477162185,9.735983481355504,0.0,1.908284918778245,162.46040098697995,164.22218879898492,-23.929012345679013,3.601224387490366,-6.696077395895075,-6.791503988984113,305.2420141606673,-3.0406165327030403,16.29161021497089,-2.353682520688648,12.85822089110404,292.08768954335665,4.0,4.0,0.0,14.686490952561385,1.015257908359574,1.2351413074881643,1.2351413074881643,5.052879447712063,354.7274975863575,19.949460254987894,72.40899892139548,343.9549386462133,811.9977328928993,969.4654961570293,1141.2184717471127,1475.485918659261,1619.499967747865,10.279575149399726,2.3555331432876376,7.416363111617548,3.158194841123459,7.5971064787933855,28.1051717575498,3.568316061385355,1.5293033531155549,6.886
4,3979.637793628102,204.41851728486702,151.47613841480498,162.9941068111071,16.95290858725763,-6.9667590027700825,-15.318559556786694,-33.21883656509695,30.13573407202217,3.6589719913819687,-4.934749153585717,-5.096645121575867,-28.517304469751377,2.8355108033241003,5.8094392621772775,-48.49049216410001,-12.931224589794345,8.05872810111841,15.509146188117294,-3.862918936866728,-1.2648979331845864,21.52098651213075,20.113547573555067,48.53093654769288,29.61801479420355,11.443439828132364,0.0,0.0,45.202494847438935,12.13273413692322,26.365735014829173,16.20419790812442,9.90498095477616,0.0,1.576018999514317,162.08467795208543,159.73097958287772,21.717528470298532,2.301658535442616,2.76100322578893,4.877744703802432,425.4533806977898,-2.8125456784181817,10.27448788355433,-2.5255298440274,13.453392511185202,2276.225410131184,5.0,9.0,2.0,20.10701454953452,1.1775452526599228,2.691096899062269,2.691096899062269,6.8719737218180095,475.17289952433134,30.94621100639118,74.48071898133777,341.4498386200972,807.9002322064432,976.80911995934,1112.1767688328762,1399.3273825721274,1499.3508902831506,11.702748937355485,4.7314281868230585,15.522033081181785,4.846048941918814,13.221134530297027,43.290069025026035,2.0278546610169768,1.5687986038568933,7.796
5,1356.9803617934056,198.78859242632248,149.59047337653638,162.82608536333998,67.13017751479289,30.69230769230769,-12.692307692307699,-91.74556213017756,6.8224852071005895,7.232248520710063,1.9027366863905344,-4.03032544378698,-39.28355111768574,1.292558284023669,11.373944580318884,-10.386795627694221,-0.33536383676840664,14.246474253393506,5.8686752208367805,-8.689473189916178,-4.811890023445034,10.053651557806381,20.113547573555067,30.33183534230805,29.61801479420355,11.443439828132364,13.847474399381248,4.794537184071822,39.515108572755366,12.13273413692322,26.365735014829173,4.736862953800049,9.916063038515793,3.415283136312105,1.5853256799834738,161.42773983152497,158.3217067854498,10.535389957264973,4.534825493166327,0.4989932490191624,2.4231330669184907,755.3956294187334,-1.2926630836373916,10.906557969691312,-0.9413577365466428,15.823385411528573,463.5922690409809,5.0,3.0,2.0,13.713361705688813,1.1884933677328176,2.65278303041114,2.65278303041114,6.803840525136996,684.1047778422952,25.723385656067855,72.7865394234643,341.9777742273677,793.7020758904631,950.1437763072008,1107.1039089329283,1359.2551607031428,1491.4188305951886,12.988171387883465,5.093764931248488,9.606031257563076,6.229793496387815,12.525071307389322,45.50764729334468,2.4386875732190774,5.0514269548483695,8.187000000000001
6,468.82090288625716,179.12440418844784,150.07084605628717,161.20782106892867,26.42240587695136,-104.38475665748396,16.251606978879718,-55.30119375573921,-43.01652892561983,11.875,1.9375,-15.25,-0.22040976544343585,1.267638842975205,33.46209180397718,-29.31386570154397,2.4966518127168884,-5.549431716521969,-13.917044876526804,-6.909294457916483,-10.809265530435695,10.053651557806381,15.319010389483244,18.199101205384828,34.49516198790485,5.693927994848461,0.0,0.0,33.76559673947147,18.199101205384828,20.93994361771879,4.736862953800049,12.321334857839634,0.0,5.0132924741589004,156.90865574491156,158.58178478873987,-54.253692579555356,9.02746708253868,-4.950047798241406,5.215999068296454,368.3608964824874,-1.2848659611785664,14.538690917669525,-0.7341236544215576,16.664664851425073,414.1155682130035,4.0,3.0,3.0,13.109563920975098,1.3070153795081465,0.0,0.0,5.023830353895545,417.2872371782178,26.24827103242427,76.96165256389308,348.32108346180564,784.8549189594731,943.404174229162,1077.6631645052084,1379.0073897703182,1626.9755777820662,10.288890278143318,5.5608579188616645,7.831037911379116,7.990434444185443,9.225779978152676,35.134756310445624,3.1683189466990203,4.457701844393355,7.0760000000000005
7,529.2950694247451,182.90385446466868,147.6627950085255,160.98174306077885,30.34375,-76.796875,-0.21875,-74.921875,-48.296875,9.482638888888896,2.3420138888888924,-16.060763888888882,-13.882474922839508,1.2355800781250004,27.867816068868127,-15.815990037569716,10.088881312546842,-18.748692166279877,-12.20384340850168,-7.327126611764707,-11.358780102941749,14.953561288656855,14.687756176444681,44.42717930766243,36.16277120011613,11.443439828132364,0.0,4.794537184071822,28.20214524777448,50.49354637612404,15.514152220608404,4.736862953800049,10.20708868732678,0.2362646488383941,5.239061152649752,155.3010699022358,158.2746257534256,-43.92529899691363,4.193767104651172,-2.7191126881720464,4.280938840235938,490.6390817425042,-2.379216688955556,15.252414946673616,-2.1526979584443966,20.094583192925263,445.6550261672622,1.0,1.0,1.0,12.594922862572615,6.236503754778824,2.2826297614472546,2.2826297614472546,7.273270142175603,473.6376865281433,20.294836941690427,73.32781534231655,343.5467747512883,782.50003627052,927.2309071407843,1073.8928159817597,1372.1455743124225,1566.961047037288,11.03598942688358,2.8588839304472424,10.194603673844673,4.946031145403263,9.910003445379203,33.77677981820582,3.0156098307062127,4.252370618231443,6.046
8,1054.889608235031,208.2967641994601,148.9758231265632,162.58939711506085,12.96616369455874,-55.03917085810093,-53.356195701874725,-42.77046181984456,-22.235634811766488,6.143703703703704,-1.4113580246913568,-7.4740740740740765,-2.6236916233410685,1.3663159506172846,6.693960135205108,-19.49681536587501,-2.9562295550164865,5.859623347981486,-9.915090165309943,2.7819602826666685,-1.8152140252013933,10.053651557806381,15.319010389483244,12.13273413692322,40.05831019769748,5.693927994848461,0.0,4.736862953800049,64.4052024960681,11.446429838927527,20.93994361771879,16.337802844032563,13.762940220955572,2.3552099111380804,0.0,156.0588096454566,154.746639466749,-34.917651028053875,4.7040297574603285,1.8165049703882177,1.7943374667060046,410.6943779875022,-1.0477123911297526,9.625871696281486,-0.581308862234262,13.251567541846795,410.76226726713446,4.0,4.0,2.0,14.875163774629215,-0.4545421577510848,-0.4763755677526924,0.0,5.05144415500925,623.9293050499315,29.54890992848163,77.44499425483785,349.7708285964894,788.0827905167529,946.3506485271356,1071.4685666501114,1334.0027488274582,1571.9662015595318,9.67248641119334,8.075590277675678,8.498768435076942,4.674037179549134,15.682573588323406,46.89047581596738,3.7820837598102126,0.0,8.155
9,196.18411467415243,179.60189877215126,148.0213468928172,157.19912207398448,30.16666666666668,-80.4097222222222,-58.26388888888889,-57.298611111111114,6.2986111111110965,5.75,-1.96875,-6.171875,-11.762906633123288,0.7722545898437511,4.040427673308995,-18.473591728665994,-10.444382614672993,3.7527700904270063,-1.1421822356559908,-5.844618814474825,-7.895999604468008,11.050456081168516,9.89321899237286,17.512796907389134,22.508217252926016,5.693927994848461,0.0,0.0,33.76559673947147,22.892859677855053,15.514152220608404,5.733667477162185,13.600755777211404,0.0,0.0,159.5617194177944,160.81543163432116,-27.876828208054704,-4.449240303710924,2.2771614114332834,-3.0109526118597225,444.7471600167782,-2.1343694949687806,19.197283908118926,-1.5361998414086824,31.79801290630909,289.8428278908387,4.0,4.0,0.0,12.953105805392097,-0.5033898441324599,-0.6140862860130382,0.0,3.799743924889118,350.47393012172057,19.733652092770587,72.3413389209596,337.63075836761936,789.7984843210758,942.7873298465164,1109.7722309744286,1429.4742326855694,1539.9838055596465,9.632976079864019,4.8017103819430345,12.4581143155072,1.170791323019752,10.151459023788558,26.71861183208577,3.7921366048157834,0.0,7.174
10,1879.7562560754675,190.55119807236545,149.01446494839118,165.56446922448498,56.81640625,58.125,11.44140625,-55.14453125,-79.65234375,5.5478515625,-1.09375,-9.0986328125,-13.162462022569445,0.5468438476562575,20.89973871872803,-34.14030749370433,19.514433048563173,-10.908538594313633,9.939618704493872,-2.648967139580505,-3.748450545784217,15.950365812018996,19.58766590729516,56.59291971513596,29.052973658838592,5.693927994848461,12.841643245852019,4.794537184071822,47.209564105761004,55.3934561069745,20.414061951458887,5.733667477162185,10.491270328758882,2.7474171071493467,3.9743024100168594,157.69135185036882,158.68996237199542,-18.15494791666667,2.1381340415886614,-3.121427549350466,6.718197870283598,585.8507662006961,-2.096719825984889,11.198044157921894,-1.8468324998001528,15.262498984061766,879.2153856038734,1.0,4.0,1.0,11.738731950423865,1.1684727414233906,0.7818344766080094,0.7818344766080094,9.452887244120213,545.8465097857601,23.542589691309573,70.30523217170635,344.1459194020105,787.2968795889891,947.4193167106723,1069.2152755327834,1348.7595545033405,1486.2748966987147,12.129354297962394,5.790414057948338,12.943715879442925,5.536021804803574,13.175510611716053,46.06259645950509,1.8254306345785285,2.9199350099412347,8.155
11,428.87781898608637,188.29167174366242,149.61150857594876,161.27442102955797,42.47703703703705,-121.08641975308636,-25.094320987654314,-59.049382716049394,-27.22567901234569,8.040000000000001,2.079999999999999,-12.400000000000004,-5.193127953055941,1.5747435624999984,24.94676502572217,-19.042904762020665,5.076843289823201,-5.088111950956515,-11.32973600506949,-1.180151716730769,-9.469498355599427,5.316788604006331,15.319010389483244,12.13273413692322,26.844546268671646,5.693927994848461,0.0,0.0,38.1019257552171,11.446429838927527,20.93994361771879,11.600939890232516,13.36766581642792,0.0,3.404804020190578,155.67746285909382,157.99812870639818,-50.50449055022096,10.869964832077468,4.565946301130127,3.7530369796637713,333.59072097417265,-0.9603732371537352,17.846843490589812,-0.4523397610809637,16.179397065545267,1419.2666987589364,4.0,4.0,2.0,12.417057267293586,-0.4640523879421834,-0.5093063808050543,0.0,5.3678264575578085,657.0650086702632,25.880184048974854,76.09347542783311,349.46293187221823,786.8025634103589,929.923866308154,1047.8155928970011,1354.2486145831595,1604.0181395769573,9.5250922521697,8.458982287181943,17.424221524224876,2.7007242266099065,11.149066004811372,40.468840476967394,4.34725307829622,2.8354746164061737,7.678
12,196.18411467415243,180.07675222593772,144.66579315096388,154.67972577656738,32.024691358024704,-90.8148148148148,-49.48148148148147,-80.55555555555556,-1.0617283950617329,8.081726354453629,0.16712580348944245,-7.22314049586777,-19.004285277012556,0.3605157024793389,-6.027067502349683,-14.373180421016455,-2.7733999415843438,-5.073693829889463,-5.656224364763322,-8.95580448987198,-9.402873157005331,5.316788604006331,14.687756176444681,17.512796907389134,27.38536444662732,5.693927994848461,6.923737199690624,4.794537184071822,22.508217252926013,29.645531044312353,15.514152220608404,0.0,11.950759759520581,1.4256644200890232,0.0,157.65959776088485,158.48040076526212,-29.96419677508341,2.1174934148885005,-11.225663425596883,-2.1635340368550757,302.558997728519,-2.2269578242948644,20.020382401965662,-1.5943108465622835,38.715908720399256,418.07535178978117,1.0,1.0,0.0,12.565019615753044,5.670933301312068,0.0,0.0,4.326883942284028,350.47393012172097,17.367318173673866,69.29871045888879,334.67940122473436,789.466720176142,926.5589648425304,1087.3959760728335,1430.7994699836413,1529.377397711284,10.09519014063691,2.3393378764214043,7.026957963260138,1.4632074807119193,8.436762005443256,23.434568293911987,4.942304841211666,2.0504123087177755,5.347
13,1140.2614690439916,197.4836188132946,148.5447264811535,163.14735523838402,22.665294924554185,-0.9739368998628266,-25.205761316872426,-65.57887517146774,-42.31275720164609,7.793209876543205,-0.8456790123456832,-10.1820987654321,-14.07743674744704,1.136541872427984,9.394379612714168,-31.607448451547807,4.451965528340159,-4.503378268861728,-11.954091388960473,-4.731827960307856,-5.2335935232260855,15.370440161812713,19.58766590729516,30.33183534230805,36.16277120011613,11.443439828132364,0.0,4.794537184071822,34.746901653687054,36.398202410769656,25.730850555465214,4.736862953800049,13.637841976845365,3.7269133852814793,1.6121653404119154,156.6140601843896,156.0792197200841,-25.901682289285155,0.5020585371762541,-2.6247630404565867,3.3612154539000016,666.4024094459677,-1.9429543505015232,16.509815081263802,-1.7659054153416178,19.11674238686857,479.5946234438471,1.0,1.0,1.0,12.281218514927804,6.372545043839103,2.148019885204641,4.056438973066293,7.428940135726818,528.6619637888996,23.789103791224704,73.29758470353325,346.2583744366304,793.5234067324782,953.2858594172784,1079.223799800274,1366.1919417487425,1548.3001037733522,10.409463074060184,5.20405104498945,11.845142896895313,4.310029858379708,11.42289287311984,34.14882723597992,2.6264098644591627,1.439761138496542,6.947
14,1321.7763840610776,211.74585917880813,146.07292055342145,159.6288473419917,6.476331360946753,-1.353550295857985,-18.65828402366864,-36.844674556213015,-36.43047337278107,3.5917159763313657,-4.698224852071003,-7.479289940828401,1.3874506903353063,-0.19584271449703788,-5.855587295865785,-32.55529301299362,1.7672992620884136,9.640005858488179,4.676534171055427,-1.6599749037060094,-2.0555776734132816,15.787319034968565,14.687756176444681,48.02802097092828,36.038836417129566,11.443439828132364,6.4208216229260096,11.21535880699783,39.45298301415503,48.53093654769288,15.514152220608404,10.470530430962237,10.280811035634928,0.0,1.6033122145368592,154.67551462377295,155.3966508334225,-17.716099605522675,1.6815996105608513,-4.010833123406335,2.227172797495311,468.4098213117435,-3.4979779653471,32.72951791857018,-3.7110713860040088,15.490675314726115,477.06608207567115,1.0,1.0,0.0,12.516105629291976,6.426935312987133,2.214445107179692,2.214445107179692,8.073350950886747,496.94478247279375,19.916551370999912,71.3970144817893,333.90279814225283,787.2725425616522,939.510852258028,1074.5178556145165,1334.0301590264246,1468.9807745450628,12.365306448979275,4.131078349373391,17.82651133013951,8.147027575846117,11.162340533702832,37.634181247733935,2.7643863381161973,1.5125458169177417,6.319
15,161.841489672813,118.84202745568868,150.1051027276686,160.9982316955149,48.65625,-109.40625,-81.25,-47.53125,20.515625,5.8515625,2.67578125,-8.0078125,-5.7536892361111125,0.8677597656249965,-2.3373447569369312,-13.799610412178971,-11.743041474490989,-10.937867721621995,0.8860918753789692,-10.813569288722825,-16.432219480673613,11.050456081168516,9.89321899237286,18.90801031431363,22.508217252926016,5.693927994848461,18.75954929201341,0.0,28.42612329908741,6.06636706846161,15.514152220608404,5.733667477162185,9.771583286092213,0.0,0.0,163.11390689132062,169.65617911406682,-34.4924045138889,2.048865888469844,0.4085873235517973,-12.443522438049973,307.9503977086195,-2.375104536026164,11.80721425743642,-1.7469851821072186,13.142947330573845,321.449510064627,4.0,3.0,0.0,12.925305497752134,1.936073565143972,0.0,0.0,3.700995761868018,368.2821889799916,16.65655249228322,66.57090550280368,341.56853924442044,799.7998600177068,929.7637400720188,1131.664849958377,1434.67350850552,1532.368827541044,10.083053839344393,2.6811504024328534,4.248819765494203,1.7281070972333634,5.048565271951072,33.67825693756366,3.5644457207786435,0.0,5.854
16,1846.1044317682208,190.28223918008962,148.27074455456102,165.63820456991095,47.03555555555553,50.18222222222222,-0.7688888888888991,-47.1111111111111,-50.2711111111111,6.748055555555558,-1.1586111111111128,-8.686111111111114,-14.372916666666667,1.3638369722222274,7.653110056756263,-35.47894824058885,25.982875560096712,-7.549427418674258,9.383988824578848,-2.916716960479795,-3.791207043600037,15.787319034968565,19.58766590729516,68.72565385205918,36.16277120011613,11.443439828132364,12.841643245852019,4.794537184071822,47.209564105761004,36.398202410769656,20.414061951458887,10.470530430962237,10.40119348841148,2.7284207165008234,1.6121512050084297,157.6207665971688,158.11125811070926,-20.61743055555552,0.9618446782128895,-2.0863222898902802,5.406742520781664,713.3028754618853,-1.9111569637112635,10.343435370949113,-1.8554000698822009,21.395655514534237,449.7173815251361,1.0,4.0,1.0,12.024424755512964,1.1700581293153711,2.0574798603859965,2.0574798603859965,8.152075466558763,588.4213495848312,23.29212373718453,70.03458223758021,341.78259134222014,790.044096496904,942.9153221336003,1065.294450311473,1336.5636010805108,1474.1778814185016,12.716857369188125,5.463741687747223,15.364925202534025,5.25051491962304,11.219227349818283,41.940019600520685,2.523537950630161,1.4599675049706171,7.699
17,2072.788173104994,194.78819268911775,149.90153624497103,165.83593067001658,16.008323424494648,6.090368608799055,-11.309155766944125,-61.3614744351962,-5.064209274673008,3.7978596908442377,-8.822829964328175,-10.733650416171221,-24.555555555555554,3.55607514863258,22.812846026405158,-46.692503155276974,22.414289960392185,-11.183450810367804,-1.1109647817451611,-5.116801498227732,-5.8100457862190265,20.687228765819047,19.58766590729516,30.33183534230805,36.16277120011613,11.443439828132364,0.0,4.794537184071822,59.94462236312176,35.23174507315853,15.514152220608404,10.470530430962237,10.278609224511968,2.2422591902701425,1.5971319113226232,157.2822633305146,157.9882958940857,-44.61111111111116,1.9407492741062649,0.08862887831257316,5.9153427716045615,449.02194974946167,-1.7424287997923118,12.680883094651264,-1.516656026796534,19.290990567784416,450.6196748916935,3.0,5.0,1.0,12.434975192463705,1.724088678755429,2.1744133586431142,2.1744133586431142,6.659573503469424,671.4768894079664,29.010983357108213,73.57079955187255,348.3628721894097,796.3813681057579,949.2347407074768,1077.9440061842217,1369.4132604850593,1532.4948447054053,11.264451903164453,6.666966685367884,12.69750326767935,5.714359026730293,11.709455525146804,39.45815343250089,2.271575445617981,1.4524008694142756,7.194
18,3390.490192941734,210.44093424959541,149.0895313787643,161.93082039910453,3.325443786982265,7.307692307692312,-13.61538461538461,-45.59763313609466,1.6745562130177554,3.789940828402367,-6.508875739644967,-5.9023668639053275,-14.780880177514794,0.3288763313609471,10.308779318463156,-28.593691354788035,-9.484102211430086,8.352843297241026,7.2010681726414765,-4.268546018211703,-4.327545441597134,10.053651557806381,25.097526094502268,42.46456947923127,35.18146628590055,11.443439828132364,0.0,0.0,39.515108572755366,12.13273413692322,31.349713535776377,4.736862953800049,9.921148405813117,0.0,1.5814021943434953,159.84264956245437,158.54646469359542,4.450988247863246,0.03045296896778512,-1.0783713530036028,1.8740564441509941,636.6284212891043,-2.064632455987024,13.131858196993775,-1.7413170318891604,17.599019790122682,478.0247210220167,5.0,3.0,2.0,14.041104014663064,1.1911257265296131,2.7304551734890485,2.7304551734890485,7.313112956713313,753.9478285450465,28.90510124388849,75.43673925869794,344.62618467702384,798.3821921865822,957.0589758051242,1105.503080259063,1382.0703559561111,1504.3595739244574,10.476077957307444,3.618271679841624,12.367328712486124,6.366880938107668,15.416353717271642,27.595372248710785,2.4046866477166784,1.5114914045237238,8.046
19,252.3847814482547,177.79986868445764,146.16720333306873,157.17073318756658,20.113221329437547,-55.42439737034332,-52.533966398831254,-74.46165084002922,-1.240321402483573,5.9211102994886815,0.4850255661066492,-9.456537618699784,-23.373346319292267,1.1285295105916744,-9.82664713319826,-14.273524358108025,-2.0578571358091127,-4.713619221829116,-1.8937735812979248,-9.357651913876387,-9.941883860530464,10.423315998847038,14.687756176444681,30.33183534230805,22.508217252926016,11.443439828132364,6.923737199690624,4.794537184071822,33.76559673947147,6.06636706846161,15.514152220608404,0.0,19.31526365548222,1.4026439291839168,0.0,158.70935245302817,160.5550113843037,-22.49042285528769,3.1642373803225365,-0.4145465536750496,-4.594173360804199,346.27109686211884,-3.7576630027397453,16.232684120659794,-3.142406140029669,12.756507834832725,348.7883276042105,1.0,2.0,0.0,13.087894033227474,6.006006003541557,1.5955207432673966,4.553165442251466,5.041469204803874,310.57226839211523,16.869327775943624,73.722497764016,334.138040807551,785.9342055063527,926.3845718733687,1094.2351088052724,1424.044713132099,1555.3587814896437,10.421563515316084,1.0791737138493198,9.914477427819772,1.5157408444449307,6.564914281109576,29.384406679102067,6.751712673548219,2.078258441661656,5.638
20,1846.1044317682208,190.28223918008962,148.27074455456102,165.63820456991095,47.03555555555553,50.18222222222222,-0.7688888888888991,-47.1111111111111,-50.2711111111111,6.748055555555558,-1.1586111111111128,-8.686111111111114,-14.372916666666667,1.3638369722222274,7.653110056756263,-35.47894824058885,25.982875560096712,-7.549427418674258,9.383988824578848,-2.916716960479795,-3.791207043600037,15.787319034968565,19.58766590729516,68.72565385205918,36.16277120011613,11.443439828132364,12.841643245852019,4.794537184071822,47.209564105761004,36.398202410769656,20.414061951458887,10.470530430962237,10.40119348841148,2.7284207165008234,1.6121512050084297,157.6207665971688,158.11125811070926,-20.61743055555552,0.9618446782128895,-2.0863222898902802,5.406742520781664,713.3028754618853,-1.9111569637112635,10.343435370949113,-1.8554000698822009,21.395655514534237,449.7173815251361,1.0,4.0,1.0,12.024424755512964,1.1700581293153711,2.0574798603859965,2.0574798603859965,8.152075466558763,588.4213495848312,23.29212373718453,70.03458223758021,341.78259134222014,790.044096496904,942.9153221336003,1065.294450311473,1336.5636010805108,1474.1778814185016,12.716857369188125,5.463741687747223,15.364925202534025,5.25051491962304,11.219227349818283,41.940019600520685,2.523537950630161,1.4599675049706171,7.086
21,839.5684615673116,199.33622028674137,148.96859001511092,161.88164074214075,48.04344482891197,-43.64090734332947,-28.96078431372548,-40.364090734332926,-36.333717800845825,8.192233756247598,-1.6601307189542491,-10.36063052672049,-5.915694818232309,1.3867484044598242,5.544556769546131,-17.98735738690011,-13.260565681669044,0.2494505541294201,-6.348214185740563,-3.163334563078884,-4.662067198965366,10.053651557806381,15.319010389483244,43.173478588160066,29.61801479420355,11.443439828132364,12.841643245852019,0.0,33.76559673947147,41.40711493472419,20.93994361771879,4.736862953800049,12.102819248493436,1.666329036986522,1.6086065094721318,156.21515558751526,155.83393464273706,-33.58287410824893,1.530904242817548,-3.244290102103588,3.1497398869679727,434.8030172835775,-1.4572013659499956,20.177422887140665,-1.0342419823667364,17.225116155990218,665.3187496674984,4.0,3.0,1.0,13.052296092096533,1.4277310627268693,2.4335373462926886,2.4335373462926886,7.435542316659753,1101.8809473015956,23.76246601920304,74.8162649459032,344.1976179866111,784.7761119289332,950.0637912710736,1072.4147289020461,1363.3773916667233,1577.0676271324378,10.729356549870076,1.9850627950954285,10.248829875944187,6.521842885902518,11.473524554699619,43.68321837723418,2.7923574359366623,1.439761138496542,7.921
22,1140.2614690439916,201.40408592252297,149.52079913519827,163.47406005321068,4.18934911242603,-10.035502958579881,-12.92307692307693,-46.89940828402366,-27.13609467455621,8.0,-3.625,-10.375,-8.038194444444445,1.4804437869822489,10.220538447712054,-29.773592551118355,-7.460538937057183,0.3590806468703627,-8.270855217553416,-3.6709320770956575,-4.6278144335646925,14.790514511606428,15.319010389483244,30.33183534230805,42.831778723229384,11.443439828132364,0.0,4.736862953800049,60.06887348032246,30.33183534230805,20.93994361771879,9.473725907600098,11.979271703242595,2.3500931808875305,1.6039768798425025,156.50512552013882,155.78412251818233,-31.88020833333325,0.4059494143706879,-2.6671617590828407,3.113870873894008,840.379152488895,-1.3891521017937067,11.455423014486492,-0.9142109958494462,14.499809471936574,476.38201599574586,4.0,3.0,1.0,15.885293593517215,1.4357191473337032,2.4866883303810714,2.4866883303810714,6.698662402532247,528.6619637888996,26.83826587664945,75.1425273759776,347.55659258929376,784.0940851549452,950.4517201906303,1071.3436091809472,1351.5638430581562,1555.0811406846112,11.271241673407788,1.7659904095778476,13.161450131720706,4.436074032210705,8.023852838620607,42.014602549953324,3.4466078330900527,1.439761138496542,7.921
23,1310.8607356346474,196.71288723016102,149.43480245518307,164.72807570275404,60.96786042240586,1.1193755739210258,-42.63452708907255,-101.90082644628107,-127.05509641873276,8.674049586776864,-3.2704132231404914,-14.089586776859505,-5.255399108934462,-1.158461983471069,34.54341483992219,-39.40992976078928,-1.458835096322857,6.338347512213463,-9.296330771030151,-2.0186479668022868,-2.7654368484265777,10.216698334856806,15.319010389483244,33.02788051898166,22.508217252926016,5.693927994848461,13.847474399381248,0.0,22.508217252926013,24.06538386056837,45.87762959939869,0.0,12.277961509257883,7.397855711454405,2.0620925454320096,158.5062268670715,155.93521897539827,-23.342130621591892,7.429002423757168,-6.5351559562731865,5.002884855077344,595.413721504661,-1.0051322599320434,10.802870352917548,-0.6224817186458522,13.456175425838287,413.6870245471621,4.0,4.0,1.0,12.72733866060383,-0.492854565772568,-0.502403641632137,0.0,7.429664674614893,458.58720266167006,27.23089221374383,72.68511552527444,348.396254399684,807.1819045406983,957.1079041924193,1089.8623297271358,1342.6454102063635,1562.193763713447,10.038690096087398,5.450193214345759,11.950274224526375,4.801594651718292,12.966934015117126,46.117476066427876,0.9994966586526872,5.667361564854088,7.046
24,1140.2614690439916,198.784847242329,148.72951555770518,163.550622568155,61.33196159122088,-10.710562414266112,-22.03703703703703,-58.11385459533607,-34.244170096021946,9.23765432098765,0.9197530864197496,-8.858024691358027,-13.776539399481788,1.5376015089163235,3.6024033900586185,-24.332369368828264,-2.6395990394158977,6.278547297498555,-2.9107825058726715,-4.760928788707929,-4.558681641466448,10.053651557806381,15.319010389483244,43.173478588160066,29.61801479420355,11.443439828132364,19.262464868778032,0.0,33.76559673947147,41.40711493472419,20.93994361771879,4.736862953800049,12.170811238188724,1.666329036986522,1.6101497193486751,157.36703627350153,155.78264141002433,-28.358529568663286,1.453789324855023,-2.205985710265635,3.3968827644944866,1039.292220527499,-1.4820695189557558,11.570343791363422,-1.1167894937090053,14.499735898925453,481.3665747068022,4.0,3.0,1.0,12.92047672443649,1.3706007307659325,2.383548947306227,2.383548947306227,8.015246247331445,528.6619637888996,23.84288502628193,66.4458812126587,343.2009515346598,791.1877283600028,948.1286678556947,1060.775364817343,1292.8016858912088,1412.2647595403641,13.904644815221086,1.8253520020428515,15.419080379839238,10.990159253503618,13.082754646916573,52.07649049654775,2.6827990280128917,1.439761138496542,7.921
25,230.0367954025244,174.80626470314633,145.1611045108846,156.50834302217174,28.34567901234568,-71.03703703703702,-65.8888888888889,-89.87037037037037,-32.367283950617285,8.336419753086421,1.36574074074074,-9.953703703703702,-18.222222222222214,-0.08667006172839467,-9.874129781128543,-14.044014511413375,-2.9793820680291843,-5.28420715443138,-2.0657779355111283,-9.802405056944442,-9.90289013348131,5.316788604006331,14.687756176444681,6.06636706846161,22.508217252926016,5.693927994848461,6.923737199690624,4.794537184071822,28.20214524777448,42.46456947923127,15.514152220608404,0.0,10.01414706160242,1.4239977534223565,0.0,158.1370502965624,159.58986030614685,-21.370370370370367,2.559153518663204,-4.448413969246041,-4.831586214309974,308.5029284981452,-2.7037841394273707,15.213850939456508,-2.064658659049288,12.88439174141631,285.5237711436955,1.0,1.0,0.0,12.884726149705115,5.885590563424604,0.0,0.0,6.061779401708151,348.62328892675407,14.341143971215693,70.20052528969444,333.66890381075723,783.2531691088483,925.4821135087687,1088.7468902298544,1435.6322129120206,1559.89681320141,10.2565126966065,1.6843690486672216,9.396748635996614,1.0819152708434732,8.784409081272395,25.319864021004282,4.345821627420621,2.0504123087177755,6.0760000000000005
26,314.315854214422,178.90625211376098,145.05248842124658,158.46988805624233,62.97959183673471,-18.265306122448983,-39.714285714285715,-103.30612244897962,-68.34693877551021,10.784580498866207,1.712585034013603,-12.600340136054422,-18.752787226001505,-0.5153693877551019,-5.056417193707803,-24.044381843850132,-0.7382325794179289,-10.079143814517652,3.546537256430957,-9.916817837104409,-10.875530993003151,5.316788604006331,14.687756176444681,18.050640183084614,22.508217252926016,5.693927994848461,20.268296022307254,11.21535880699783,28.20214524777448,24.26546827384644,34.570623557222255,0.0,10.109282902593238,3.5330622203866664,0.0,156.8280638805419,160.2339432786185,-13.320625472411182,4.946875400137256,-5.235423463439608,-0.2926073352830169,366.83086090764886,-5.0849989559398505,30.851160710547987,-3.5713261530683447,14.617128743766644,309.3656518983186,1.0,1.0,0.0,12.672821363987325,5.710798890466576,0.0,0.0,7.251208681285733,356.52411670140435,14.34823451348665,72.3711935579542,332.6049738791204,780.2155800784611,926.9195297796948,1086.9495092419259,1413.9599413,1530.8001928465244,10.729124327989851,1.6161046646756891,9.559930913623784,2.6934104914430885,10.604236140455754,27.24878568312822,4.192863267445653,3.459592889376918,6.194
27,3737.901014258609,206.68628306955344,149.73265091480346,162.24554330193044,15.361983471074359,13.137520661157026,-22.710082644628105,-40.811239669421504,11.15140495867768,3.4495867768595083,-5.346446280991732,-5.539173553719006,-23.352304866850314,1.4398809917355404,6.674151437766813,-46.13774737189993,-15.245408434574287,3.615679588971884,13.302323167843044,-3.844740296697657,-2.468549476239137,15.787319034968565,20.113547573555067,48.53093654769288,29.61801479420355,11.443439828132364,0.0,0.0,45.202494847438935,12.13273413692322,26.365735014829173,10.470530430962237,9.926386780584457,0.0,1.5800956384801526,160.6259476400864,159.08304858945596,17.212662993572106,1.2714876696998751,0.5222244708618677,2.5024341239861463,445.4407692002945,-2.4430429903921143,10.627996869513376,-2.1565167883667424,19.638775154676168,581.592677461647,5.0,6.0,2.0,13.930422129854273,1.1886650607615166,2.6912813437397407,2.6912813437397407,7.4632081709788824,613.2793431422592,28.427382333297054,74.94918855016763,341.382538880937,803.1941300921332,969.054377583025,1106.5554454199637,1391.7591727603594,1499.1665955179367,10.66336071496286,3.8155159141547097,13.228646305895502,6.990881032957013,14.131675016842095,26.761784479003854,2.212009582245788,1.5375238792858987,8.155
28,1054.8896082350143,199.24156421254025,148.84534477579425,162.5403364698742,23.14699074074075,-50.23398919753086,-47.21855709876542,-72.20987654320987,-61.99189814814814,8.330729166666671,-0.31727430555555325,-11.336805555555555,-4.011868188919372,0.2196281249999989,14.819819844837838,-26.332994226138158,-3.5245552996141303,8.008196518778274,-13.429648382665567,-2.6463976875000013,-3.1868120111037257,10.053651557806381,15.319010389483244,25.122838405075456,40.59912837565313,5.693927994848461,6.923737199690624,4.736862953800049,48.81149399377699,31.18920547353707,20.93994361771879,4.736862953800049,12.028499333252116,4.420371975450465,0.0,157.60202937764174,154.39986299507257,-37.39800362106575,3.90588657777779,-9.163787127777775,0.4531667162691752,457.96328042407134,-1.0161733527922021,9.617575921670683,-0.5238046167860613,13.495556099119554,450.0348500822583,4.0,3.0,2.0,15.219704216735144,1.3483902951095663,0.0,0.0,5.360177926823316,623.9293050499365,27.074920433439374,75.66873219522572,346.33334201231605,800.2956697181482,958.0449077104414,1085.5545089244567,1339.1902316698104,1600.0150723350935,10.231141435260145,4.061879741272128,9.372864814042938,3.8324272625307567,9.413584872937651,49.46495942073866,3.837792661005012,2.0287382531680103,7.638
29,411.16236720456635,175.68756243061833,151.48304716310923,162.85982470808975,35.16000000000002,-104.71999999999998,-6.799999999999998,-72.44,-44.040000000000006,9.294375,3.126250000000002,-13.83375,-11.562222222222221,0.6681874374999994,16.768064666268643,-21.987492959557446,0.43196580385390826,-6.339042693843923,-11.601290558289225,-9.039045102405305,-12.884381753041911,9.733939541059678,15.319010389483244,18.199101205384828,23.077452253716608,11.387855989696922,0.0,0.0,39.525844158345905,0.0,20.93994361771879,4.417150937053346,11.359464681125484,0.0,3.3995954772073103,158.58664563093862,159.6316560249372,-48.68666666666665,4.1791414721038835,-2.6035458113468386,1.9321916941917467,348.88826952025283,-0.9805882293084304,22.476654939520273,-0.6618231096336498,11.888415113393199,368.60168468398086,4.0,3.0,2.0,14.01604119930731,1.4690555516518369,0.0,0.0,5.361837637005751,348.6575462356366,23.40239857386495,73.72379499837447,349.3421748618377,796.5824099143631,935.7669508861528,1068.3924357644066,1375.2547725106754,1640.4968078361048,11.162532869062836,2.302711042943451,7.764819332908961,5.266632124409536,5.596183425853585,38.91459986687543,2.6308813085209515,2.7071365575314683,6.197
30,4061.701049076756,208.56617015294742,149.13929626169838,162.37501072727,7.383801652892537,44.02743801652893,-2.618181818181826,-71.75735537190084,19.51966942148761,0.5599999999999974,-8.080000000000002,-5.359999999999999,-37.3114416896235,1.32196638016529,7.102448194456876,-44.50583513068985,-15.136477065948005,4.175400895510178,13.751016348302276,-5.916504202286494,-4.107111717697605,20.266706347487787,20.113547573555067,48.53093654769288,29.61801479420355,11.443439828132364,0.0,0.0,28.264270806374817,12.13273413692322,26.365735014829173,4.736862953800049,28.71964250379498,0.0,1.5668586770289057,160.3972639725588,159.27914257986308,23.33258034894398,0.9738732598347066,-0.16081236706696184,1.810203917017186,425.3947121289445,-2.7070113261448454,10.287572853711296,-2.3112105749721934,13.024826591662169,1047.5183153967196,5.0,6.0,5.0,14.131281671291685,1.1516330518331224,2.74360903594262,2.74360903594262,6.225208051603802,462.83248610484253,30.932426963993937,76.53386372353603,340.9418421501552,795.5127618476264,959.4745051943198,1107.5634471605858,1392.403650424605,1506.357299245218,12.790471911438464,5.847368179874048,12.071550701234065,5.826244496207233,12.941210071522072,46.24286066943402,3.526936654427165,1.5627516748782624,8.301
31,705.6465883260864,187.952661050109,147.81288545074904,160.35452563462974,54.84375,-22.0,-41.21875,-59.421875,-50.015625,13.440972222222225,4.138888888888892,-13.227430555555555,-8.017891589506174,0.680202734375001,3.2708351031895244,-21.00989254015932,-4.264002401987519,-13.182601199705775,-8.67547566207519,-4.328226600000002,-6.972497199869678,15.370440161812713,14.687756176444681,36.87659174822063,36.16277120011613,11.443439828132364,6.923737199690624,4.794537184071822,34.746901653687054,43.32193961046029,20.830940824614736,4.736862953800049,13.160027908802116,2.8125146205180056,1.6060729954537796,157.10705353598047,157.89954648434812,-18.65779320987652,2.642877209302334,-4.566284839080463,0.9701692217899276,605.7063498660583,-2.0091605400106083,16.35661606611713,-1.8174112726620653,17.401810774488272,474.67424379790947,1.0,1.0,2.0,12.671799655247819,6.207487102322975,2.313868645861964,2.313868645861964,6.846765918484424,590.4195509548232,20.19609196856709,73.25007144151942,340.4992798553833,787.7783187275073,955.2711121128704,1088.9943397421105,1400.3604724163192,1548.6558641780675,10.862627570170114,2.6242321902486307,10.671261221098902,4.97828445997102,8.46392457771873,30.418758361624132,2.881947708644437,2.6533862204163614,6.0379999999999985
32,210.04144637759632,181.3500431666288,147.73122612537898,157.1996723244246,40.51265306122449,-69.26684807256237,-49.249433106575964,-80.91356009070293,-38.05886621315194,8.079183673469393,-0.36979591836734416,-9.609795918367348,-10.225588589345204,-0.23363110204081514,14.742149229155851,-25.558860079835405,-10.84697018313812,6.9137084074456965,-4.633820906750421,-5.518612620661505,-5.648561436200117,11.050456081168516,9.89321899237286,25.122838405075456,27.38536444662732,5.693927994848461,6.923737199690624,0.0,33.76559673947147,25.122838405075456,15.514152220608404,5.733667477162185,9.782378800285548,2.0101367706300968,0.0,160.72497423106086,158.90461174580622,-29.77741384619689,7.561567325516798,-14.972241937196095,-3.7529819776417352,541.8544872434702,-2.4278857375949916,14.914302924880095,-1.5598284346155442,13.729526157723171,535.9027365222377,4.0,3.0,1.0,13.162254962121725,1.9592590440631088,0.0,0.0,4.158112081969554,354.7274975863572,19.77831219184773,75.74651785345155,335.7488123608169,808.764117960336,962.6731614821153,1136.6302746484062,1455.9056438611215,1670.5185772444047,9.877019251306377,4.159741365132368,8.268889667381544,1.6224928724644418,8.253914311306364,25.632885179103994,4.026428832780713,2.0287382531680103,7.276
33,680.9735372274035,190.28997141049308,146.1370619707382,157.59695356163962,67.0,-4.0,1.0,-42.0,-36.0,9.584006151480196,1.413302575932331,-4.6193771626297595,-10.139241317442009,0.4146664359861599,-9.662466210092578,-8.217974684465528,-7.8523853227001394,-8.409400207567652,-6.5606779646503615,-1.9871519102578417,-2.7563250216193205,10.216698334856806,14.687756176444681,37.46156607416286,22.508217252926016,5.693927994848461,26.186202068468646,4.794537184071822,22.508217252926013,24.26546827384644,32.5467960883821,0.0,10.239704026829504,3.6293267334932526,0.0,159.78099904080938,159.5452004458904,-8.690642487932003,2.3874762573554293,-1.509587129214721,-1.1380907622488745,432.04274077036735,-3.879694871145132,13.433241609202499,-3.890588854321668,17.120999497081534,484.1713146993132,1.0,1.0,0.0,12.548985817841489,5.587280488374807,1.1157908444039442,1.1157908444039442,8.833765849097912,335.2169046198971,17.818343104171497,73.6972052895012,338.0220550558853,762.9747870081891,918.8943598294638,1095.0689745106824,1417.5472960093905,1550.168857415734,11.848081348722522,2.967178644250103,10.357769694992447,4.485969555461198,11.891767852452528,30.089686803772068,3.6911104303887945,2.078258441661656,6.167000000000002
34,459.55878981540565,202.0256899428248,147.88309158011813,155.71626403327397,59.93343909048847,-106.7018309207482,15.288584837067885,-7.2393416617093,51.3051754907793,13.08268887566925,2.807852468768589,-5.540749553837003,-11.052164961577349,2.3552899464604407,15.956429333424095,-22.755522760453445,-11.612332072896244,0.07636411046250413,-4.151449384738004,-1.1151676246449551,-3.2389499720162167,15.787319034968565,9.89321899237286,25.122838405075456,33.99224641114023,10.57107518854976,6.923737199690624,4.736862953800049,43.519891126874064,0.0,15.514152220608404,10.470530430962237,9.633981552903636,2.024547176443301,0.0,159.9319601104524,159.25542598472856,-55.34846390996278,6.641993049722393,-3.096898672097926,-6.646844867011208,427.6517192145912,-5.8899834487548395,13.423016564753391,-4.750751137651633,13.914543976944186,301.7285743275372,4.0,3.0,1.0,13.634857176042875,1.9198111517869267,2.7006700900455254,6.3674522694796005,3.171622797790783,311.57826468718065,25.256292426883977,81.87832027034983,338.9798292920237,793.1537081744963,950.6760227469322,1133.962634072848,1457.6618660168472,1638.9722610275196,10.847937783425749,6.58674051381302,9.25602856082633,5.382607665867484,7.568570185501495,29.154658332062944,1.06621606132087,1.4533212792370562,6.523
35,2226.947956084017,197.227085836668,148.64194703954598,164.52506007473997,29.1623608485612,69.36462927956312,10.906322201218224,-37.84919134635581,-61.50430581810545,5.433942449065328,-2.8750262549884447,-4.132115101869351,-12.808811174123079,0.920926318000432,3.088199520319264,-37.758873154404014,18.59998031218284,-3.0882397013857235,1.8061693361070108,-0.7760700067358145,-0.14464192509748205,20.687228765819047,19.58766590729516,56.59291971513596,42.26673758786443,5.693927994848461,12.841643245852019,9.531400137871868,47.209564105761004,24.26546827384644,37.44670581923258,10.470530430962237,10.573476857545703,5.935423655017624,0.0,159.21071052614988,157.58370651981795,-14.3914618777568,-0.4066724945608993,-1.843564402845568,4.407022434787788,652.6383078492573,-5.088843573208987,22.433367427404953,-4.5577551709692825,16.526786255335384,1676.2837652522064,1.0,4.0,2.0,11.700945315788244,1.1701415996165097,0.8773238461401954,0.8773238461401954,7.13775132576892,790.7402474586877,26.98493306080433,71.54482912138259,344.7450168482948,781.5985637513312,936.8597579190292,1079.336146835473,1353.2569693204173,1501.3516458651827,13.484101151099825,6.8206629607085265,13.506377708111582,6.862940112339548,15.086143142279381,45.655169059936384,3.1161281469758926,0.0,7.745
36,444.0023295467804,184.39172684453015,149.1117737841081,160.49513458906236,72.22579290065111,-91.7939508506616,-13.993908842680106,-121.38248267170765,-104.46754883427856,12.607277882797735,0.3988657844990524,-19.89224952741021,-13.161903817280836,0.30382164461247785,38.58487408227495,-35.47825778861234,-3.9300306853649767,0.2642581293180051,-19.190665251906168,-7.116358440123969,-9.686219463532783,5.316788604006331,15.319010389483244,25.98020853630447,22.508217252926016,5.693927994848461,13.847474399381248,0.0,22.508217252926013,19.91384146784285,27.006310686180395,0.0,11.727960316332428,4.074495307816015,3.4309755999335865,157.50439361890346,156.47730011907802,-46.70817872062361,11.170703989341128,-3.8768179851993407,7.528860556152236,488.83331889362256,-0.959964905892134,14.206754259812241,-0.4325879170269322,37.887626934255465,390.5211054534959,4.0,4.0,1.0,12.133458389982351,-0.5254990447034817,-0.579525160594295,0.0,6.383047768468149,458.9058948064913,23.33880255422015,72.74298733881659,344.37843546714265,791.4882086696657,938.373722232392,1076.3344463620115,1362.5971595339222,1623.6220104845224,9.96975549793619,5.401035151261189,10.526973803827726,4.598421793497132,11.02154589529412,40.97718814583912,4.523877304185863,7.797187541670878,6.2879999999999985
37,428.8778189860932,179.85501734825988,149.42255356316298,161.27453805547972,52.62346012859804,-109.37233339342586,-21.97289826332552,-88.49203773811671,-71.00210323898804,10.341265548945376,3.4332071389940517,-16.57003785830178,-6.1950060500578275,0.3571575446187151,32.97213598232089,-25.932695238340248,4.7989681812948985,-2.9211909757147194,-15.403708193673928,-6.139029550956161,-9.485327129018373,5.316788604006331,15.319010389483244,25.122838405075456,27.38536444662732,5.693927994848461,6.923737199690624,0.0,22.508217252926013,25.122838405075456,20.93994361771879,0.0,11.638433471707733,2.020553437296764,3.426688398531,157.48208907261954,157.32349986729287,-51.96325081366046,9.23836357946382,-9.136980635444825,2.0675861793099566,323.08062718683163,-0.9176017146261674,19.599652024199386,-0.37830237086178575,18.24471713689164,438.96177093417083,4.0,3.0,2.0,12.762835570518892,1.2647807410121723,0.0,0.0,5.67755757460199,657.0650086702636,23.406192124457363,75.16869927416892,345.5128547786972,801.2116024665082,944.8540710072828,1077.3224275318164,1371.7845102499546,1662.1531252610087,9.956896304577675,4.170146577937021,8.764212911121326,3.1512171928288697,7.149402754341844,39.79666926060615,4.548893035880855,4.792849289238808,7.091
38,210.04144637759583,197.41006756644848,147.8183999321343,156.96330406170617,25.206790123456802,-77.08873456790123,-50.56327160493828,-49.752314814814824,10.082561728395063,4.9296875,-2.482421875,-4.5732421875,-10.150413063164436,0.8957983398437469,5.289554049647061,-18.447724381625463,-10.852281192957637,4.822779895550867,0.6889605930586891,2.5916859869140647,-3.430466516900581,11.050456081168516,9.89321899237286,12.13273413692322,26.844546268671646,5.693927994848461,0.0,0.0,38.1019257552171,5.3800627704659165,15.514152220608404,17.3346073673947,11.5093229297892,0.0,0.0,159.05512541285108,160.45116785873654,-27.61187359938224,7.4649624753069315,7.6773523970102024,-2.201485436917259,316.80530537877,-2.5591114171014717,15.15052136329908,-1.7767384876809469,13.035585906188686,464.97096279184393,4.0,4.0,1.0,12.812937031072195,-0.4953538312711067,-0.6068763165534835,0.0,3.848850512957251,354.72749758635865,22.25231059908511,81.2112117731563,339.6499550444499,790.1754640355963,944.0223167137976,1124.5942347020327,1454.2354867201623,1601.411731240927,10.058735877528141,8.237534010689023,7.5675310966399945,2.082986979599496,10.74935832919517,25.687640250856518,4.1365303112932725,0.0,7.244
39,4061.701049076756,206.1222843204764,150.32719102286092,162.86986559202464,14.5,46.25,-4.25,-62.5,13.0,1.122448979591835,-8.561224489795924,-4.7142857142857135,-32.482762896825406,0.9293429846938778,6.500262557811055,-45.96918373486303,-13.457611648928832,6.262444637609615,16.087133090367757,-5.275181093294459,-3.2679963288352214,20.893846429809273,20.113547573555067,48.53093654769288,35.30540106888712,17.19295166141627,0.0,0.0,33.82772229807181,12.13273413692322,26.365735014829173,10.470530430962237,19.354893874340004,0.0,1.5718586770289054,161.2598772991974,159.73184949571234,17.18426693594105,1.6730741173469368,-0.006460671224491961,2.159044003723126,425.2770346761658,-2.71998173301166,10.288045720263755,-2.3844671879032417,13.041787780252571,986.9383376942744,5.0,6.0,5.0,14.031085350340373,1.1680931078508974,2.7144863787892413,2.7144863787892413,6.5482214812583655,462.83248610484253,30.932426963993937,76.08483669322091,341.04346235158675,796.4367630585884,964.213392623264,1113.0181634074409,1401.8614021274705,1512.6879063004606,12.837468575379514,5.869443349318048,11.934341466746455,6.104241843093185,12.565976886272033,47.4828381207639,3.7919611142427136,1.5627516748782624,8.155
40,1356.9803617933608,207.6732681304057,152.28626809993597,161.8913075905896,18.61521050248983,14.80715255771842,12.127659574468089,-72.76776822091443,18.132186509732907,4.0258035310095135,-3.2471706654594814,-6.421004979628791,-34.854647653538535,0.8745347215934813,9.135762520735558,-14.145173920701584,-12.792213618157295,2.052504475386174,-5.412551090250362,-7.258452291246037,-5.391475785562557,15.787319034968565,24.90808475762689,30.33183534230805,29.61801479420355,11.443439828132364,0.0,9.589074368143644,28.264270806374817,10.85158279422077,15.514152220608404,10.470530430962237,9.66884577119363,0.0,1.5625673391743833,159.9893501353993,158.95142700996325,-1.0078592626125429,2.2681786138071542,-0.05545823398734389,1.9827090527445843,729.9888581930098,-1.290388789639093,10.897804839982447,-0.8750688474638257,15.070968771094543,475.65901586028616,6.0,3.0,2.0,26.433874225447177,1.0561537291098506,2.8598737728482564,9.579047315790856,5.560967746866862,684.1047778422919,30.46575842788499,78.15470831171108,347.14812865280817,798.2527166314693,958.7745903569447,1103.0849877127341,1394.537743578609,1557.3890495752944,11.6217936835042,4.419179819744679,14.563700429883154,7.261121329641591,10.727128120647588,28.81394163056974,2.1238793440246275,1.5114914045237238,6.62
41,341.7488896331732,186.9750311872869,147.18874028040418,158.7106280937396,42.46900826446282,-3.7190082644627993,-7.0165289256198395,-89.97107438016525,-55.58057851239669,8.330578512396688,-1.1900826446281014,-12.06611570247934,-17.284664830119368,-0.2769719008264462,16.155837710169145,-17.205481316577814,-9.434074556811883,-14.796818835547727,-1.6825225838196771,-8.132787007142861,-10.567338637864085,10.216698334856806,14.687756176444681,18.199101205384828,22.508217252926016,5.693927994848461,6.923737199690624,4.794537184071822,28.20214524777448,55.3934561069745,15.514152220608404,0.0,10.110764490790194,1.4263125682371711,3.9575821445356767,157.64653766472983,160.85561995369915,-13.660697887970615,5.95844606645571,-5.726169873188407,3.523045978426285,435.41237643714055,-8.779482576636063,12.717786521812167,-11.44831999852341,18.002742429539925,1632.3633485691794,1.0,1.0,0.0,12.755337279696572,5.749463772215848,0.9510611360960544,0.9510611360960544,7.479427669702329,286.4030840550105,17.38499786996897,73.69380547873304,340.63057857661573,772.2963297019558,939.6093646224176,1094.6433827878784,1432.8456471761071,1551.342457677965,10.703217858512804,1.7420514404551366,9.235264043096526,2.979990315464732,10.405664450474584,26.149663012840872,3.8497160817798286,4.881441291940184,6.509
42,1698.2776577417608,201.7459967379005,148.60782259582822,164.27798889135886,0.9669421487603173,52.31404958677685,1.0991735537190002,-31.504132231404967,-84.68595041322314,4.238751147842049,-4.42332415059688,-4.157024793388431,-2.663223140495868,-0.6614640495867727,18.526022228478325,-44.171095618497326,15.016144348774176,-5.20478123415958,-10.469280112676733,1.055551282303555,1.3779609536173605,19.853471019507328,19.58766590729516,25.246773188062026,42.26673758786443,5.693927994848461,0.0,9.531400137871868,34.746901653687054,24.26546827384644,49.394287532760245,4.736862953800049,10.568262138275355,7.140905651227418,2.0894578418240672,159.15652129701138,156.98133297192953,-12.435389245995276,0.292929488055279,-4.525505197494419,0.9421351981930726,714.3918587070351,-5.414016901516268,33.29305972305682,-4.584246426017528,32.787986812502176,585.1206985990585,1.0,1.0,2.0,11.857545110483905,6.110776263096996,0.9013830274603872,0.9013830274603872,7.410806856405864,775.219190308004,27.702138345356893,73.00345704738217,349.7787549765181,779.3432742981329,932.4098419969267,1074.0187010554955,1355.5800334083667,1526.8460915419225,13.098654980033336,6.3919541588676685,11.288799135723881,10.014352027948474,8.641907200845854,40.93813678345566,3.4148601269846783,0.97375259977906,6.721
43,252.3847814482547,171.2516863750806,145.1029173200071,158.04823125736428,39.90992767915844,-39.81854043392506,-66.5818540433925,-101.96844181459564,-53.4766600920447,7.7278106508875775,1.088757396449707,-11.869822485207095,-20.427569581415728,-0.08124845496383915,-3.4364165835886498,-17.211559944506128,2.77780603846725,-4.3429816654728866,2.7505625643644147,-11.007689885661344,-10.896200237009726,5.316788604006331,14.687756176444681,12.990104268152232,22.508217252926016,5.693927994848461,13.847474399381248,4.794537184071822,28.20214524777448,43.32193961046029,15.514152220608404,0.0,10.063503688321056,3.4420609758253367,0.0,157.91029940027113,160.6855320826769,-15.587442472057846,5.3607860699164265,-3.3480222349295667,-5.208972923697292,330.0263614802483,-3.4582550879789817,16.906517658424324,-2.5820469446113563,12.546041047088456,310.62950088634886,1.0,1.0,0.0,12.765017551500796,5.78569866773279,0.0,0.0,6.667576414359621,310.57226839211523,14.34312681672476,71.93699205196897,332.9919060866236,791.8456544576951,923.7266132980592,1095.6324685342836,1427.3146522642194,1546.990510272446,10.388724199450747,1.6367223445455816,9.778241578204256,2.3511048682392617,9.371759586821446,24.71819597278375,4.287317855976848,3.813468360971628,6.31
44,3737.901014259156,205.5204387866217,147.69079693599176,161.22029544286727,28.714285714285698,9.668367346938776,-24.688775510204092,-32.642857142857146,4.183673469387748,4.531250000000004,-5.086734693877548,-4.9151785714285685,-19.141493055555557,0.8968540816326542,13.499055166207874,-41.25091377727448,-28.581642056003197,8.085092568056066,3.1969733504748787,-3.301338128872084,-1.8472201780078144,10.053651557806381,20.113547573555067,49.38830667892189,29.61801479420355,11.443439828132364,6.923737199690624,0.0,45.07856006445237,25.122838405075456,26.365735014829173,4.736862953800049,9.970171109130687,1.8696335782592417,1.5850956384801531,160.42109390862694,158.3601445283383,10.035156249999996,2.415135653744537,0.6311715467984714,2.5720695470038737,443.70311159692113,-2.496243044264088,10.675047044921254,-2.22620077182779,18.89739614551239,603.4452715212128,5.0,3.0,2.0,13.830004213968868,1.2047575808760411,2.662029708154252,2.662029708154252,8.615903306441437,613.2793431422592,25.90706404193475,74.72421088726986,339.46672123252836,796.2340057567093,964.0357625842054,1108.2441832300403,1399.5352311806807,1499.9817626194476,12.884659034495185,5.676221195835155,11.608022611976653,6.109496322391559,12.929659405587651,40.54421882233724,2.3367254551084007,3.1979144294352166,8.155
45,6853.0315507726045,204.05958340417286,147.69079693599176,161.61667803908855,4.428571428571416,16.739795918367342,-29.80102040816327,-30.5,-15.602040816326538,4.066964285714291,-2.8360969387755066,-7.450892857142856,-9.071428571428571,-0.06364948979591507,5.692537929621117,-39.70159088421886,-24.819055572767855,-6.140832076076683,1.961768204620875,-1.6554586283254364,-2.6816820669556143,10.053651557806381,20.113547573555067,35.89528683400505,36.038836417129566,11.443439828132364,6.4208216229260096,11.21535880699783,39.515108572755366,42.46456947923127,26.365735014829173,4.736862953800049,9.970834542419547,0.0,1.585777785299093,159.43172245340142,158.88056225892734,7.6534863945578255,0.35567198483054324,-2.780444879272957,1.7099903343620262,418.03323104069466,-2.1157193463206814,10.367164446668054,-1.92570062255494,13.230827629939569,552.7304270793893,5.0,3.0,2.0,13.797400937383268,1.2056675352566506,2.6551550425420265,2.6551550425420265,8.412993745481643,488.81942448948234,25.87664583346876,73.52291673254695,339.87797623774554,792.9983519238449,954.2271002227119,1084.2852030525678,1371.0070139798358,1480.4369163063086,11.871796751534774,5.593552515856018,15.389296147866185,7.967394535019138,9.10168673379135,41.45675466940875,2.2998726228515105,1.503874528252958,7.569
46,1877.838068177254,163.12826720505097,149.05285668361591,167.2829255027423,61.66678533285868,-35.544321822712725,-73.2242791028836,-57.69562121751513,-53.6561053755785,4.672481310074758,3.8875044499822,-8.877892488430048,-8.873729282860648,0.7386743681025277,-7.973708335979098,-24.587840402254308,23.317329319155235,-14.812853958066055,11.699757825387573,-4.665901996521595,-7.165775988916513,11.050456081168516,19.58766590729516,57.30182882406477,29.052973658838592,5.693927994848461,31.60119253786543,4.794537184071822,35.194857756312906,18.199101205384828,20.414061951458887,5.733667477162185,10.430252704307817,2.8391466683717836,0.0,159.4061752677894,161.33756092579202,-29.72324077370359,-0.05482830600668186,-2.5986876470719142,-0.7594196792591652,286.26954677604664,-1.8999131460110217,8.827453698388329,-1.8047783217850777,11.034521400485263,364.5981995131401,1.0,4.0,1.0,11.204319934480939,1.170568825096503,0.0,0.0,6.401371533079081,304.0537093070228,20.407072861454914,68.15793031685065,344.01368987276567,800.7334789525103,932.4245306751146,1072.8906281382012,1319.6609127680144,1468.2284836552496,11.244331716593383,4.625040084865495,7.42737095847522,3.5458807379865305,8.832977769946769,39.68448019789022,2.675930801764464,0.0,6.3660000000000005
47,226.14088964582126,190.4371382094205,148.55586906421541,156.8593063563645,29.222222222222253,-45.21262002743485,-5.3333333333333375,-84.94513031550069,-46.21810699588478,10.916666666666671,-2.8611111111111085,-11.138888888888893,-14.969588816068013,-0.014068518518517759,16.885629562987887,-23.82177694412129,-22.293267371107888,4.845733227354809,-7.454789899154314,-5.446439667412974,-5.365051021823239,15.787319034968565,9.89321899237286,17.512796907389134,34.49516198790485,11.443439828132364,0.0,0.0,39.515108572755366,11.446429838927527,15.514152220608404,10.470530430962237,11.61179177494383,0.0,1.5769886224819487,160.88392522832257,158.6843831647435,-30.27212145844976,2.3074031140873124,-14.691201507908948,1.0788471510995283,309.2903488838767,-3.3869688681515124,28.001801867010396,-3.2514532850441458,20.630374062791315,277.742827881094,4.0,4.0,1.0,16.346313552089626,1.9507298112035667,3.5098688543016237,3.5098688543016237,3.573557584860155,345.5125958405071,22.62299078851214,76.65393769941049,339.6921523349244,777.556764271598,958.364193059985,1101.4919158594842,1496.3931496529312,1674.9362097989206,10.728139810371463,5.517794794609278,10.352706867729676,6.665284182142982,6.529737451616111,23.80922627950077,1.0785197105989883,1.892879721398505,6.456
48,6603.770339776342,184.72228319231544,148.8000524842189,161.74743743246606,29.12852071005916,-78.26343195266273,-13.710532544378689,15.95692307692309,83.29869822485209,13.560236686390526,-11.299171597633135,11.889230769230773,-37.81786324786325,2.3698349822485203,34.46190946377592,-62.24099235703756,-14.920291066347025,11.819756928140617,40.68510574785123,0.3297069508552977,3.8425113469234673,24.264240419206534,20.113547573555067,42.46456947923127,50.947407418036136,11.443439828132364,0.0,0.0,39.577234131355716,12.13273413692322,26.365735014829173,18.9474518152002,9.950605759018169,0.0,5.877470271872719,165.71246839405725,164.3622947678857,13.399026955950045,3.719006188915479,3.25119720634022,-6.3822243465178525,464.3900059826178,-4.234733670984394,48.0218849727981,-3.336251103146648,12.471660718940694,548.2717104181985,5.0,5.0,3.0,14.107852187419956,1.1966768761732591,2.715402519761628,2.715402519761628,8.331937872436498,490.12511396220407,34.335996619906176,75.75639122590904,344.1218753745265,775.6150264942348,938.4038000425082,1090.4735820393953,1371.6644759854844,1498.8124923338714,13.181530990150511,9.553264019446218,17.102627866958564,5.079709114193296,12.362112701020894,41.400827707371185,1.8458560813054816,7.0624225824132445,8.155
49,529.2950694247451,184.4118800109385,150.1328857427059,162.57827468516345,33.885015844273426,-72.34766862833861,13.170212765957446,-62.44228157537346,-34.39384336803984,10.009506564056133,0.378451788139433,-15.41149841557266,-11.0110406921181,1.6447739248528754,28.142457491633,-29.37204035549201,1.3652399696690514,-10.554039710319381,-11.224282232054383,-7.003965918277496,-10.904779007703157,10.053651557806381,15.319010389483244,30.33183534230805,29.61801479420355,11.443439828132364,0.0,0.0,33.76559673947147,30.33183534230805,20.93994361771879,4.736862953800049,11.58920584169821,0.0,5.0117368896112025,156.25107074055433,158.5367174627237,-46.76862330868671,4.632682267770952,-2.3526531662089463,4.795816088977941,497.86214674915163,-1.6567534469800864,40.22171011595342,-1.1140849371871624,41.924874408228455,1022.6748053759528,4.0,3.0,1.0,13.391814520923285,1.3453295612921743,2.568292254886175,2.568292254886175,7.0218615757842615,473.6376865281433,23.16957021457291,75.08193372250206,346.8733309454271,779.8473912415993,937.1825461836688,1060.4142015244204,1382.2230484958993,1600.496608966064,10.290910013424432,2.5929428857673167,11.493177403296436,4.445236617608036,9.581722024109057,41.63169278504589,2.9052208638718566,4.252370618231443,7.678
50,1606.6058286878906,202.52909454397016,148.62404617406403,160.23607424951018,60.82120994494035,-85.10198009643993,-18.485243322731787,13.487808214493349,33.276939913135664,13.761772853185596,7.213296398891965,-6.747922437673132,0.4560411328419725,3.0914243151738976,12.482305418472428,-12.29490728825375,-6.4561687016968525,-3.2809181998054933,-15.857080876188178,-5.201229029176483,-4.3132238303376695,14.790514511606428,15.319010389483244,24.619922828310838,47.20601034016606,10.57107518854976,13.344558822616634,9.473725907600098,76.43004983223797,6.923737199690624,20.93994361771879,9.473725907600098,11.883033456979987,4.556990657589547,0.0,156.07154597801775,155.33759472110984,-54.073065533301154,3.5424709330737487,-2.725068093490308,-1.077045695205674,633.5277233733557,-2.371423844003619,17.63131765246441,-1.5726844289612998,19.67969270645768,1411.3452533329569,4.0,3.0,2.0,15.642566727479966,1.377033204260408,2.489460646419627,5.788077834181457,4.794342818446292,728.0672997310508,32.648460807730864,78.52792806007746,346.4707913304225,784.361038877558,941.295886853916,1075.2397001354093,1357.8195986010091,1587.0272308797696,11.17988502165168,6.6084977370589195,9.907556065272548,8.235362748474621,7.637371284483483,50.85572363995431,3.0277820796040733,1.2705114330048646,7.523
51,16923.50099052169,197.57971727468416,148.1233175792743,161.7352857941804,10.999999999999988,64.77777777777777,-46.33333333333336,-54.33333333333334,29.44444444444445,2.0625,-2.6875,-5.75,-37.471388888888896,2.5011840277777777,3.6860088330467455,-32.278506096796235,-21.63241015856202,0.19556352702174928,-2.091190208639039,-4.7251658478703655,-2.8076654469291578,15.160178952647085,20.113547573555067,54.44884259385427,29.61801479420355,17.19295166141627,12.841643245852019,11.21535880699783,45.93593019568138,12.13273413692322,26.365735014829173,4.736862953800049,19.283299241418515,0.0,1.5803428181866304,161.66810397942567,159.6711991339859,22.737669753086426,0.8948864253571417,1.4950323651605515,0.7037271454012004,442.5218008533022,-2.2983431449484333,14.636276960207207,-2.176623707134315,12.551035850402794,490.616721509688,5.0,6.0,4.0,13.782620459456597,1.196802166792511,2.643098919451077,2.643098919451077,7.854491413570633,522.9579638804512,28.381128659532326,76.35923018667964,339.31052021219904,794.2203435870175,962.681294693344,1123.2117577672327,1408.224024356434,1545.3778125579004,13.27436802077527,6.145810289038924,12.051457271257114,9.798639644198834,12.512202022838334,48.23540355373069,4.26481066850779,1.505696036038871,8.046
52,2129.0320311306004,207.39306521404131,145.93623104353927,160.48834845277756,15.014792899408288,22.770710059171602,-12.004437869822487,-64.13905325443784,-30.15236686390532,5.437869822485211,-4.1597633136094645,-7.8698224852070995,-16.991822813938207,0.3049854659763325,9.78177105029291,-31.081222712559622,-9.683877663080317,7.846058288167846,5.514833479543575,-4.310483912850526,-3.606903849948553,15.370440161812713,9.89321899237286,35.89528683400505,29.61801479420355,11.443439828132364,6.544756405912576,6.544756405912576,40.31035314538404,60.6636706846161,20.830940824614736,4.736862953800049,13.024944411555266,0.3879391797070644,1.6047643574152308,156.32359886800316,155.4865291382251,-9.0905551446417,0.2685316264471346,-3.4665169053254457,2.1269735827916283,470.9694146085148,-2.3553061351574267,11.334513007040535,-2.2594473598059426,15.505968494402948,529.7233476953472,4.0,3.0,0.0,13.082660315958126,1.3145830158650786,2.4277476316101936,2.4277476316101936,8.830801330911846,488.953681315048,20.408290332631626,71.86981648021447,337.0574483685116,790.9772575018828,949.9878534718547,1082.5097030029337,1342.2379385326753,1454.0277201721274,10.993649882303425,2.9212641252645715,11.912845025792926,5.312826952074006,12.458614319540384,44.60488701139613,2.7411117705618357,1.4766745679700286,6.5120000000000005
53,196.18411467415226,173.716690010217,150.1177187677886,158.7986215450261,13.25,-62.3125,-29.8125,-64.375,-14.1875,6.625,-1.09375,-6.28125,-18.347710503472225,-0.0876776367187505,1.2779192131115664,-19.238226781493093,-13.614834246393551,2.135833623540111,-1.010560794822202,-9.572668809952443,-9.466177959194294,15.467607018221862,9.89321899237286,18.199101205384828,23.077452253716608,11.387855989696922,0.0,0.0,39.525844158345905,0.0,15.514152220608404,10.150818414215534,9.51949892920131,0.0,0.0,163.15574281259018,163.7183710457891,-25.437418619791664,1.1121217181919745,-2.657777969066731,-3.799063858281938,378.2259296850637,-2.504603338483763,30.81585493089311,-2.327665703645532,150.51664108716304,747.6833144200871,4.0,3.0,1.0,14.382324703420045,1.8691685803749791,0.0,0.0,3.850955858516016,350.4739301217215,19.774514296590297,72.7927993619832,339.67762711237856,804.6733055543563,953.9352054647304,1140.5791585400134,1480.919779935033,1626.7182867498389,10.900070336616011,2.0617069110727595,7.490336236949723,3.624274630667879,5.724747814965191,24.48513710120865,3.483378235654284,0.0,6.0760000000000005
54,3518.739678633396,219.2828712890196,147.61758030519124,161.41071155246476,7.915830509517497,1.0627392552158228,-6.1132075471698,-44.949997582725715,-4.652558574950887,2.7283730865076534,-7.7127091491634046,-6.7433250266998925,-18.10169703506524,0.945721537913849,9.404381036636074,-44.48043484930933,-17.735959893566122,-3.0482357710700896,9.38075718126908,-2.733887888139056,-4.692655245461978,10.053651557806381,20.113547573555067,48.53093654769288,40.20409959964185,11.443439828132364,0.0,0.0,38.850355611813136,12.13273413692322,26.365735014829173,27.938742734265084,10.386813410085486,0.0,1.5749987140703627,158.67689338306553,158.02423027270032,3.0325196777249688,1.3244490265450934,0.31814024386660483,1.0543988769475157,431.58202408665466,-3.0233139178715613,10.302756634056085,-2.7913849863836098,13.851285233059066,894.7537459514148,5.0,4.0,2.0,14.016326087670336,0.3196417413910464,2.622621194110238,2.622621194110238,8.104496081810922,491.47287636297233,30.96069232366966,76.46047485197883,343.3324342943758,798.3357535284835,954.6011346323272,1096.510916492043,1378.7195488138882,1485.914756449606,12.049263401811281,16.369915241675336,11.82287926524608,6.975306653431289,16.009175277710174,52.414118183160284,2.2555179738198503,1.5752166995070491,7.553
55,1459.2437858583035,160.5807773605513,149.86225670520184,167.75958105922442,73.47928994082841,-53.14201183431953,-67.95266272189349,-55.147928994082854,-43.52071005917159,8.8698224852071,-0.5909763313609456,-7.277366863905326,-9.181480111768575,1.1103544378698231,-2.084735947180393,-25.923573901453565,17.27415695324278,-12.730536171661837,14.671742070761535,-5.237773058675876,-7.681640749329692,11.050456081168516,19.58766590729516,50.88100720113875,23.35904566399013,5.693927994848461,26.186202068468646,11.21535880699783,47.93645773383856,19.05647133661385,20.414061951458887,5.733667477162185,10.200728658578413,4.806012028530448,0.0,160.79980874484502,162.12015962982974,-29.890738001314983,1.932374648476349,-0.5818600669082827,-1.7481635537341982,251.46710636228886,-1.915276661311396,8.566332888733621,-1.8602666803770145,9.555043664873127,439.6451475618395,1.0,4.0,1.0,11.562530999826713,1.1657394355110886,0.0,0.0,6.280179573681673,308.07551686750264,20.37270465348237,69.93964299154493,342.58705632813536,795.2180259638246,943.7714913920554,1078.7684593023084,1340.0425068466425,1515.5355732151675,10.802412867818909,6.322365138402662,7.530314572240825,5.883532886230438,7.226792550494822,35.834144628812574,2.202292810864152,1.8539047494945369,5.886
56,2888.622265439154,191.56330220964625,150.82303770491282,166.54426294733514,12.676242459063468,34.46164895145073,3.815282964665318,-50.58172938810692,-10.152542372881355,3.695202528009186,-8.610744039069237,-10.555587474863554,-19.550272910083326,3.144149152542373,26.343225649118718,-46.54916100960797,26.20796557439955,-11.022613115868122,2.6592586532607543,-4.847261237111974,-6.053438899610832,20.687228765819047,24.98997426236872,30.33183534230805,36.16277120011613,11.443439828132364,0.0,4.794537184071822,59.94462236312176,40.131654804008996,20.916460575681967,11.882372509290436,13.590391806027437,2.6147598988869225,1.6003291902341876,157.57536700615313,158.6220394626165,-34.357049379169425,1.876467153497298,0.5066711656133288,7.469218223475242,448.0459985015848,-1.7488459370581668,12.621303092907679,-1.5564494055795732,19.39149708348715,450.6120901559967,5.0,7.0,1.0,12.33278463281014,1.5767857747087712,2.144501221559944,2.144501221559944,6.843476513622853,671.4768894079664,29.010983357108213,69.99838955917346,348.2254287826999,790.7879225858388,942.3621970660263,1069.7117059092795,1333.0985816198768,1470.8734697501623,13.255510797247796,8.278053580287878,17.587321398693266,8.332659904694657,14.636015066576475,50.33579787124162,2.1478656131582614,1.4524008694142756,7.585
57,1744.01212405305,171.24063947284054,148.4110785683865,167.11339854761653,82.35483870967737,-32.337148803329875,-107.45369406867843,-122.28720083246617,-101.2382934443288,7.903225806451608,4.381893860561915,-14.218262226847033,-21.911629957220487,0.0986029136316417,-6.701271429467878,-28.122052060459083,29.04587531328677,-10.112207816280893,4.049020209766578,-6.216624828585148,-7.225294686530473,11.050456081168516,19.58766590729516,57.30182882406477,29.052973658838592,5.693927994848461,50.86365740664347,4.794537184071822,35.194857756312906,18.199101205384828,20.414061951458887,5.733667477162185,10.686667418341576,2.8391466683717836,0.0,159.02786613709964,159.22869802074405,-25.24423343739164,0.1775714594172844,-4.26897721142121,-1.0826127875597291,455.1167560343591,-2.4543966133184103,10.127943306066776,-2.1763471028795403,37.69012540508345,695.9936937156947,1.0,4.0,1.0,10.51179051352451,1.1692075600368868,0.0,0.0,6.557399354605361,485.6054156370165,20.498709016584364,66.74183714767055,339.6033828817522,794.1117722363601,925.8414201647388,1040.745893609549,1320.8257491035456,1461.3090792570727,14.293882156764871,10.602064594615184,9.43000962330138,7.840951603182974,7.75054755562546,52.07784947443242,2.061860908375167,0.0,6.444
58,230.0367954025244,174.97841447506767,146.8918018024105,157.64901187969474,15.626938775510206,-65.69142857142856,-53.657142857142865,-67.90285714285714,-6.890612244897964,7.736326530612249,-0.31102040816326365,-8.325714285714287,-14.477460317460315,0.3588800816326536,-5.881849934734403,-18.4898126251062,0.7746267065549804,-11.111097822713079,-9.613618257173346,-9.2379209277551,-10.919830494391253,5.316788604006331,19.67173469739189,18.199101205384828,22.508217252926016,5.693927994848461,6.923737199690624,4.794537184071822,28.20214524777448,18.199101205384828,20.498130741555613,0.0,9.955961120559332,1.4170533089779118,0.0,159.24517593406068,160.9174287643314,-22.462857142857146,2.4862195569058736,-1.5721505754924616,-4.332859584796992,309.9341793370697,-2.8220047656043588,15.30054842571314,-2.195013571134772,12.901561928428318,285.9538933513959,1.0,1.0,0.0,13.113179397113745,6.039888033104153,0.0,0.0,5.223620147012063,348.62328892675407,17.353960242975372,70.73858158890495,338.7503409290821,788.2591199160347,934.3046273891023,1093.2650522424,1468.4362288904526,1581.207460378775,9.901165088349384,1.418646715261452,8.511740577387924,0.8337599924165967,9.191850187004713,26.617610059643106,4.242741248320537,2.0504123087177755,5.886
59,1321.7763840610698,194.91128422786133,148.2127700798247,165.43381939589227,17.0,30.0,-15.0,-41.0,-73.0,5.51769775315482,-2.8174823022468436,-8.711603570329332,-3.7095687561984887,-0.2264775623268651,23.824807825801862,-42.222651169792044,22.387647080438857,-9.730839355162807,-2.9674412409436512,-0.8367729506872951,-2.1419319117631352,14.953561288656855,19.58766590729516,37.37950732498524,36.16277120011613,11.443439828132364,0.0,4.794537184071822,34.746901653687054,36.398202410769656,32.361643664986545,4.736862953800049,10.395978769141127,3.9205244963925914,3.696668039924621,157.49635510106157,157.46550446830562,-18.89783181149747,1.8903207528412844,-5.148140969005009,0.8382467885947245,474.84543266680913,-1.7966068588548545,10.981013366658097,-1.6175685347174331,15.076895978386707,540.5155214293184,1.0,1.0,1.0,12.177503207481664,6.384673084613179,2.109821150769084,2.109821150769084,8.432075602816573,496.94478247279363,24.00932830274701,72.13125905142381,347.60062544060867,788.3187199427355,938.3038319893941,1060.1761312193626,1343.4817247978528,1511.987098257619,12.024363307255143,5.378379241465117,13.464818659244713,7.836928468489966,8.376377230662374,36.079624915530985,2.648094009663105,2.368097254482481,6.903
60,5750.347604602409,204.32776377016395,148.2186904409755,162.09666783103208,10.55124653739613,50.828254847645425,46.038781163434926,-71.32963988919666,-43.443213296398895,5.114496768236386,-9.494305940289316,-8.200061557402275,-17.17573783386342,-1.8097689750692485,17.03308817993489,-50.03385497471167,-17.871295164494928,-9.433276150932253,15.881637261194506,-4.168211574032294,-5.64162116827548,14.790514511606428,20.113547573555067,54.59730361615449,36.727812335481076,17.19295166141627,0.0,0.0,50.82807189773627,12.13273413692322,26.365735014829173,9.473725907600098,9.948730107472759,0.0,3.108152123533701,158.85190767260144,160.32805986964792,3.5102595670462686,1.5471616449910033,-5.23367236516213,4.909772871670467,428.4081358782813,-2.4039269251114206,10.359876950480695,-1.978506713927422,12.543424102158305,748.2525607778504,5.0,3.0,3.0,13.967910023795097,1.1989183723255017,2.6982196148397595,2.6982196148397595,8.198493316430076,450.1080287401835,28.69584222167769,75.27361708877513,341.80131743933117,788.3026532536853,954.6528181044624,1096.6863928282753,1386.4895134339845,1496.9324924334755,13.006775137284894,6.070432438098737,10.65520387457061,5.5277886315379465,13.303690451922801,41.37945997833499,2.1587258203801047,2.8136872444369705,7.959
61,3390.4901929419343,209.1470501976174,147.86681341480178,161.84623938790443,14.808472766108947,4.097187611249558,-6.679245283018857,-48.531149875400466,-7.913492346030612,4.283730865076533,-5.749733001067997,-6.018155927376293,-18.142814762074284,0.04838981844072897,7.49245896549705,-43.153388322461254,-13.895158731170984,-1.4722316222430474,11.094350431864429,-3.8325849959834044,-3.83186932715275,10.053651557806381,20.113547573555067,42.46456947923127,29.61801479420355,11.443439828132364,0.0,0.0,45.07856006445237,12.13273413692322,26.365735014829173,4.736862953800049,9.947792606392756,0.0,1.584172277445988,159.0403712140005,158.37997453276418,1.228244531466319,0.1712422972897639,-1.9151787387879384,2.3028050225825765,605.8935256108821,-2.1622737320375447,14.834242772615685,-1.8665482431902105,18.72249061664265,477.98155325676316,5.0,3.0,2.0,13.909582830476673,1.1997848688631103,2.691465788417214,2.691465788417214,8.063525953473086,753.9478285450482,25.90476399512741,74.83278617179656,340.85717367711135,798.4394693065541,957.2666329604233,1101.1190030948947,1381.6503522123242,1488.4585841780954,11.057440202604434,3.507613261111893,12.714021553792536,6.837447860386251,13.253415592789972,28.17339574315164,2.399680305150151,1.5114914045237238,8.155
62,3993.597634749069,208.5082855188274,148.51402451796469,162.15225495131736,5.930041152263369,24.73662551440329,11.657064471879279,-70.57887517146776,-6.226337448559673,1.9331275720164633,-6.612482853223593,-5.192043895747601,-27.313404968754767,-0.4735238683127549,7.280952171334702,-43.806347102948095,-13.888991542358616,1.4512496031214586,14.046337940652974,-5.343808359651806,-4.638533386988112,15.160178952647085,20.113547573555067,54.59730361615449,29.61801479420355,17.19295166141627,0.0,0.0,33.82772229807181,12.13273413692322,26.365735014829173,4.736862953800049,19.214262663111263,0.0,1.5759353159947411,159.73501227192654,159.07045618629567,-1.1372027892089736,0.588645620812865,-2.4294758981910123,1.9196853661242341,436.6647153373168,-2.3423309451546905,10.519966736265124,-2.0101158102732795,16.883877824451204,598.1280226064042,5.0,3.0,5.0,14.01010652751157,1.1792546210025665,2.7146726046415486,2.7146726046415486,7.113854078567384,548.4325526714161,28.42440638128351,75.93619121622518,341.1728589873598,800.2852268607597,958.6964830386473,1106.8608677522523,1385.840574072723,1500.3797980767765,10.79764859231387,3.6824845149861467,12.0414445611081,6.980464436562903,14.374083035338106,28.211237484325427,4.236010470744753,1.53114257048638,8.301
63,1190.6410251482305,199.74996585136643,150.82578866835794,162.16256325552882,23.354911724762353,33.19827976459937,-11.234042553191475,-69.56541421457675,11.97736532367588,8.543232231779088,-4.382978723404256,-6.766862833861475,-29.11772546652584,0.6564441376188324,25.57819123459241,-24.766289505278863,-1.5300111529774056,-0.2160583459632188,-2.2610181582663667,-7.212050876539153,-6.350942395168801,14.790514511606428,9.89321899237286,30.33183534230805,36.727812335481076,11.443439828132364,0.0,4.736862953800049,39.515108572755366,17.558525534033606,25.676806571518842,4.736862953800049,9.802818114987405,0.0,2.743803464979204,160.18951505799802,159.79696662685836,19.267202354006322,2.753066370722471,-0.2125379246320452,2.3678604255451714,436.1124937842652,-0.9873657744523908,12.699722332631321,-0.3822775710829428,15.341492575033667,519.6076999157468,6.0,3.0,2.0,14.282158487353357,1.1288255793644375,2.8422604432349243,2.8422604432349243,5.961607619719943,649.8846830000697,28.38022709604668,76.30149401800776,346.80216823580605,796.9943899500647,952.7480962464226,1106.0027810214563,1401.3103629517334,1542.1717516819358,13.238494803257382,5.780061043618806,9.652622631809598,7.417324998138441,11.499708265844227,40.63660697606583,2.382921592086185,2.8440961249344894,8.097000000000001
64,1877.8380681772053,163.12826720505097,149.05285668361583,167.2829255027423,61.66678533285866,-35.54432182271271,-73.2242791028836,-57.69562121751513,-53.65610537557849,4.672481310074756,3.8875044499822002,-8.877892488430048,-8.873729282860646,0.7386743681025285,-7.973708335979103,-24.587840402254315,23.31732931915523,-14.812853958066055,11.699757825387573,-4.665901996521595,-7.165775988916515,11.050456081168516,19.58766590729516,57.30182882406476,29.052973658838592,5.693927994848461,31.60119253786543,4.794537184071822,35.194857756312906,18.199101205384828,20.414061951458887,5.733667477162185,10.430252704307817,2.8391466683717836,0.0,159.4061752677894,161.33756092579202,-29.72324077370359,-0.054828306006680885,-2.5986876470719165,-0.7594196792591652,286.26954677604635,-1.8999131460110188,8.827453698388334,-1.8047783217850768,11.034521400485218,364.598199513141,1.0,4.0,1.0,11.204319934480939,1.170568825096503,0.0,0.0,6.401371533079081,304.05370930702287,20.407072861454914,64.14679829980712,343.6475652535817,789.3596163757567,916.4146877672804,1050.0214588382457,1265.4788997241867,1386.7511491656396,9.934459307230846,5.6481352503740885,6.4265622584478415,10.352894401731843,8.414830624825129,40.830616103357634,1.8939442667893758,0.0,6.468
65,1170.8518187114285,199.03465438395128,148.2127700798247,163.1417866769427,12.0,10.0,-5.0,-68.0,-71.0,6.219452139119732,-2.608187134502922,-11.47337642351492,-10.149396395472113,0.19582853185595853,22.999104044533443,-33.650538389660014,0.533300011754593,-10.851489359447918,-9.074505486166467,-3.8644413052354594,-5.291234848485141,14.953561288656855,19.58766590729516,18.199101205384828,42.26673758786443,5.693927994848461,0.0,9.531400137871868,41.41590917680031,60.29336583782499,15.514152220608404,4.736862953800049,10.419870278107457,2.9887015080169417,3.9681578413176575,155.82187716362037,156.50808235446604,-24.898686775417985,1.7681552043907232,-4.08334389809525,4.804651973349697,517.6390666058237,-2.201695413380806,20.469244488869084,-1.6681610357035603,15.230862592743481,626.2551640671543,1.0,1.0,1.0,12.168682911651509,6.1892194016483035,0.8375417793775763,0.8375417793775763,8.33301689810266,1374.822122948878,24.0395699438626,72.03614018026992,347.1438604037159,785.8611423680696,945.0354479290601,1063.3947977654468,1342.7891156107676,1512.0916171311426,11.648210152061436,5.5718093445243655,12.668753393890693,4.998290305314602,12.369311118860637,47.71132448249629,3.658600303085745,2.879522276993084,6.959
66,1698.2776577417608,203.86579834307042,147.80073782113072,162.2875749816306,6.8423668639053075,37.88591715976332,-19.078106508875734,-31.3614201183432,-71.88260355029588,3.88899408284024,-1.975384615384614,-4.3912426035502925,15.131492439184749,-0.07769410650887165,-2.057982270027362,-23.86723858308851,0.4117047601562782,4.221233448633459,-8.994121919148368,-0.2343102513337849,-0.12969773661724426,20.060088683497558,19.58766590729516,31.040744451236854,48.37070397561273,5.693927994848461,18.94560963360032,9.531400137871868,54.13330130545164,29.165378004696922,32.5467960883821,4.736862953800049,20.178666352629676,4.774061258148455,0.0,158.81659480190325,155.94290404051296,-16.80571992110464,-0.6830200935944368,-3.407337704380601,2.508171717937973,706.9847208495308,-5.718576157174133,42.419274790189306,-4.784058253701033,27.77644461501425,578.446483537988,1.0,1.0,2.0,12.83115256485985,6.114842304588091,0.9098226027431484,0.9098226027431484,5.893520439465375,775.219190308004,27.013547832735615,72.88970626630869,344.7888442828253,774.3417253105553,932.3886590876848,1076.677986587147,1345.969077760501,1515.8411820835975,13.791311751207225,6.044497749236567,11.850200358583656,9.097439636166033,9.321516075452095,41.95969289401963,3.3323030089500087,0.0,6.959
67,6164.242506560649,207.8482686244273,146.38476938311732,160.56630313454187,8.738868141338667,38.11203677104282,5.608733122665889,-67.19333524849182,2.228957196207981,2.0896294168342417,-9.192186153404194,-5.791726515369147,-28.21932554502219,-0.003752657282386454,11.924409755845005,-46.605151984207076,-20.27639991163499,-5.782179207352548,10.581419313568993,-5.074102023332703,-4.727125528529264,10.053651557806381,20.113547573555067,53.23701790816086,29.61801479420355,11.443439828132364,0.0,0.0,45.07856006445237,42.46456947923127,26.365735014829173,4.736862953800049,11.928009590991335,0.0,1.585928971813486,159.88312761756382,158.92878780315687,9.9069073382489,0.13067995466598673,-1.3035589296910988,1.9526827551719488,549.2110891550162,-4.0108768697593185,11.307777865556636,-3.805883580622092,13.574549746695508,490.8459247922786,5.0,3.0,2.0,13.830709771753304,1.2155731217558008,2.6473238544498767,2.6473238544498767,10.045251587502026,693.7218058330066,25.93895916871057,75.82587647314737,338.02109726950005,799.213326186268,961.8691109240492,1108.547171065058,1384.1922170965765,1505.3569024452536,10.94942895340691,3.8171091323840884,13.617613486958973,6.313072827003827,13.917247729966276,30.39319409330729,2.2716435062708658,1.5627516748782624,7.886
68,968.6168347608168,187.64626664369442,149.08266094876547,158.7681430223896,89.97222222222223,-144.41666666666663,6.9444444444444615,-2.4166666666666545,24.88888888888888,15.584689349112425,10.83912721893491,-12.024778106508874,-2.4354747272749377,3.269117233727807,30.510319096251468,-11.911189190101938,2.212596419293935,-14.198885564364215,-18.396786924109293,-8.251178083740005,-9.470507415757414,10.053651557806381,15.319010389483244,24.619922828310838,33.99224641114023,10.57107518854976,13.344558822616634,4.736862953800049,50.12677309138698,6.923737199690624,20.93994361771879,4.736862953800049,11.492967595435605,2.2857719123622746,3.379678438909897,155.8173173410284,157.72257773128644,-70.11187244320254,7.884628302840884,-2.1415466541362083,0.03622964889461674,728.7667153394037,-4.102650102185588,30.25319650937864,-3.0624067859142623,20.017976740031468,401.4653240264978,4.0,3.0,2.0,13.172012863164426,1.2907075139468147,2.572352062798695,5.974507981382537,5.154241284549522,537.8337945661815,28.97972238225565,79.40391153789258,345.7948740897117,782.2073980142031,929.058372239832,1068.0826109302373,1389.262414313875,1631.4920681043347,11.030702480446463,6.725702070549137,9.586427300219137,7.931348087843641,7.070564982572716,41.67388856179935,0.5610795370874363,4.210624075811,6.733
69,3673.716395463279,208.41528558401387,149.13929626169838,162.90517255204833,6.383801652892537,-20.615867768595052,25.538512396694212,-47.75735537190084,-22.971239669421486,2.5599999999999983,-9.88,-5.16,0.024416896235075924,-1.4645918016528892,7.10244819445688,-46.72195421187666,-10.933794909210434,1.0460763988791757,16.899469308648474,-3.1013189047486205,-4.164687530285658,20.266706347487787,20.113547573555067,42.46456947923127,35.18146628590055,22.94246349470017,0.0,0.0,28.264270806374817,12.13273413692322,26.365735014829173,4.736862953800049,28.9480234705784,0.0,1.565883790169131,159.93420138024263,159.73547557511063,-23.251955922865037,0.9738732598347066,-4.114531889701475,3.6083562480901117,425.9116241491794,-2.7778770785451963,10.272083423587873,-2.367420251224962,13.37862800203671,1286.0242824069514,5.0,3.0,5.0,39.30256445143369,1.1409458435833115,2.7517605482501213,2.7517605482501213,6.213943629882624,474.08042388273805,30.953154894422802,76.6198093223602,341.4296170293082,803.2637764536612,956.4186781231473,1105.8946761868842,1384.5119523898666,1496.0447502716406,11.147348716681497,5.085594617256467,13.935839228255295,11.584502381209022,15.039055965289151,34.543731390285394,3.8156536755306454,1.5691450320001716,7.921
70,825.4409535803873,202.23133996122158,150.2325945444469,160.68138937900943,21.340264650283533,7.1965973534971575,-41.21739130434783,-33.211720226843106,-12.616257088846881,7.965973534971642,-0.0023629489603050327,-10.08317580340265,-7.822411258139049,0.6198926275992447,9.756158409884153,-20.00457558390425,-17.617660907357468,-3.3702116212218343,-4.9734434284725255,-2.372415595560076,-3.998255727694256,10.053651557806381,20.113547573555067,30.33183534230805,29.61801479420355,11.443439828132364,6.923737199690624,4.794537184071822,39.515108572755366,12.13273413692322,26.365735014829173,4.736862953800049,9.84719103657686,1.267391008741906,1.5830188749085026,158.30500941142358,158.0333574041261,13.673821151018698,3.538857626039708,-3.705635302764648,0.9965262241378052,570.7106297933502,-1.2891867853546226,17.089485902878227,-0.8072805545580845,23.254701672073914,463.6797230450346,5.0,3.0,2.0,13.968981417414062,1.159096728397594,2.7517162259715646,2.7517162259715646,5.994792598269592,488.97427655448496,25.54396511258667,76.03339504265338,344.0114560886532,789.3564893978609,957.8374375734073,1088.4130687744894,1390.0457454626576,1564.6944180020407,10.899555927184927,3.565558748821705,10.441267614273011,7.176225046031197,9.08839069884861,33.278935013185,2.619100049002034,3.1008631481716167,7.244
71,1321.7763840610698,196.50151189873043,150.28034527616344,166.18881489302387,26.24489795918365,28.219387755102037,-16.65816326530615,-39.42857142857145,-62.44897959183674,6.061224489795923,-3.2448979591836715,-9.571428571428568,-2.047619047619049,0.0941766581632678,23.64204426871407,-33.81021426915573,2.1355672957431118,-4.307007367391966,-1.3652043438495534,-1.4660436800291572,-3.115776175122509,14.953561288656855,15.319010389483244,37.37950732498524,29.61801479420355,11.443439828132364,0.0,0.0,33.76559673947147,41.40711493472419,32.887525331246465,4.736862953800049,12.139207034623663,3.2598154031097524,3.663788221330517,157.5444428795315,157.66143863480067,-21.728599773242564,2.1947808883438094,-5.07165871447467,2.6836331278932244,468.03673958921684,-1.3494214251121188,10.418168563853573,-0.9995431951011166,27.032437086339048,527.7569359021263,4.0,3.0,1.0,14.010959256429329,1.3887312052627645,2.397354758983901,2.397354758983901,8.060084814203009,496.94478247279363,27.06164881331501,66.55512948382274,350.21473767543887,789.400600651109,950.8103445548204,1050.6023583344954,1286.2482316431706,1401.732250243243,14.548272061121061,2.6575957161859245,15.274075441934773,7.119049542161945,11.696284992798866,48.13510656818132,2.5338323827868914,2.368097254482481,8.046
72,3993.597634749069,205.69468114765687,149.73265091480346,162.52381117927325,14.361983471074364,30.37388429752066,0.7828099173553591,-76.04760330578512,-0.8485950413223189,2.4495867768595074,-6.3464462809917315,-4.5391735537190065,-29.956345270890733,-0.3474099173553673,6.674151437766817,-43.95004750694891,-15.636113153223107,6.716451255442251,16.50190141549859,-5.9198397637431075,-4.6210850203826785,15.787319034968565,20.113547573555067,54.59730361615449,29.61801479420355,11.443439828132364,0.0,0.0,50.76594633913593,12.13273413692322,26.365735014829173,10.470530430962237,9.92978617503935,0.0,1.5804704633870312,160.6634101737364,159.960147222858,2.3005417814508857,1.2714876696998754,-2.0368847037206943,1.3775586845106365,435.5594413002067,-2.3559503572536777,10.529236095208534,-2.0883227158394613,16.987883418126312,606.4385906672693,5.0,3.0,5.0,13.9275269521334,1.1911221201290978,2.6912966674035457,2.6912966674035457,7.462021093794171,548.4325526714161,28.42440638128351,76.08170387827083,341.4873684908892,803.4740264699188,961.6178083985867,1115.9667008488598,1394.0672545800305,1515.8063768115385,10.515318033705057,3.5935438053289666,12.380405058434475,6.4651279887679935,13.491052843965194,28.701495697714314,2.1728546511521056,1.53114257048638,8.0
73,449.0572178326897,183.9107604620541,145.00836313483117,157.05721535216082,77.47308641975309,-30.41481481481481,-22.27703703703703,-80.31259259259258,-72.3506172839506,12.84345679012346,5.7125925925925936,-10.468148148148147,-14.725967078189298,-0.3555617283950611,-6.708820556946981,-15.256936065317685,-7.593951012197561,-4.636503753788707,-2.247294495512345,-5.566787596410258,-5.160494141544378,5.316788604006331,14.687756176444681,18.050640183084614,22.508217252926016,5.693927994848461,26.689117645233267,11.21535880699783,22.508217252926013,24.26546827384644,34.570623557222255,0.0,10.145871883709463,3.5828531861423274,0.0,158.50874065921386,159.06758352867055,-13.737448559670794,4.517119716097576,-4.596739908571422,-1.0610534624012469,375.99913297582793,-16.43324580913501,12.457747101938045,-5.782623208261112,14.712885202758214,511.16487449528364,1.0,1.0,0.0,12.598124306850323,5.652428480070193,0.0,0.0,7.879657038906777,286.9529421279072,14.350788361867602,69.96928177646197,332.2822932581161,766.8752866371382,901.0892339177188,1069.3322240230143,1386.9014254226875,1487.9497151684534,11.124261020005221,1.9033410814777487,9.412842610781489,3.7001549125005946,11.246921166703396,28.47306175951385,5.078876838731122,3.2100787955600985,5.721
